UUID,SEQ,THEME_TYPE,COOK_BOOK_UUID
"00b7eb39-dfc0-45ba-a243-dfbe2237da34","1","fda615b0-17fb-4dc7-b598-4b9aa3513b06","c22da381-0766-41d8-a08f-7ce9d897e99b"
"011b39b0-dfeb-470a-8c82-38b075b33b12","2","84458a50-43fa-492b-8724-9175e9c3300b","a7305ae3-7ee0-49c7-9eca-266a4f34b769"
"01617722-8e10-4bbd-8e75-160c8b11eddd","3","37da11af-7701-4135-bd91-6de13d0b3409","74d6cc2c-4264-428e-9dab-822afb64048e"
"01d433bf-8770-4b72-a412-f40097130282","330","8d85580d-3ba2-46f7-8136-c0f1e6d65ffb","9d9ce12d-5150-46b2-b229-5b2a3f0d71e3"
"0242fe46-d6ca-41b4-bb69-d9e8d9efea52","4","c4deba1f-c0a7-4bcb-a7ca-1ee35972610d","9e66bf8b-c72e-4468-8873-1e60ab71caa9"
"024a0f17-487f-4d7e-ba17-1e8dcbbbc30f","260","24a4730b-7aed-4343-8e8a-528c60933c6f","872e8f03-2e92-461d-9c35-3458143a9627"
"0254aa8c-187a-4fe7-84a8-54eaee0f970f","335","4b9095a2-1386-41e0-98f8-842c5a7e321a","5fa7343a-23da-4248-8715-162389099dcb"
"025ed846-2e7e-44e9-99e3-02c6d3df76d5","5","84458a50-43fa-492b-8724-9175e9c3300b","ad78ef4e-1c53-40f6-afa9-f7ca582078b2"
"02942894-da74-422a-9844-d429f57364ad","6","ea627f04-77e4-4589-83cd-661e41e6af9e","fc88160e-668a-477b-9efb-c7ba8942331d"
"02ed8437-eca3-49cd-ac71-e1767b41d485","7","4f2b4b46-a4dd-4a5e-bb56-abe35d44e0aa","3dc0bf20-4b7e-4774-ba13-14787718c64a"
"03b8f992-f5be-4149-8cff-0dd539c041b4","361","a0bf01ba-3cb0-49af-9fba-86b0cd761fb3","746ef84c-7e59-4bbe-88cc-a4bde36e1dab"
"03e3f094-b2f6-4a99-91ec-dd560701eb88","244","e1be07cc-c314-45d7-94ca-6a4bede4d6ed","05adae64-eff3-45ce-b25f-f18c578d2405"
"041cbaf9-3288-4686-ba60-9bb8fcdbbf62","373","cd660f62-a58b-4d4c-9a1f-95f5151d8de3","a0e7e7cd-c485-41a0-ba27-402d7108c9f2"
"057aff94-0cc8-4e1e-b17f-fc0a4bf282a1","8","ea627f04-77e4-4589-83cd-661e41e6af9e","4dd63693-98b3-4072-b073-92b9851c0ddc"
"05f842d1-12bb-4fd3-9762-0ac9be7bbfb8","9","aa010a52-9d08-4482-910c-7a98344c83bf","ae9a727a-2d4f-48a0-9099-16045d140722"
"06ba53b8-3d74-47c2-84fc-dc9d51c3802e","294","12c6bc8b-cbba-45fd-9f94-4827dc871a9b","939b4d77-0533-4892-a979-238c4fc9cca3"
"070d50ee-722c-4deb-b1bb-44da56447d19","273","dd4159ac-5efe-42b9-910c-a54228ecda7b","f33c0e4c-0ffc-4d40-8188-6156f120130c"
"080c7395-412d-446e-ba73-03699d407781","10","aa010a52-9d08-4482-910c-7a98344c83bf","d6eb653b-99e9-4106-b668-d671b6988693"
"09ad62b5-db46-4644-809d-77698ed1f565","11","de7fc7fd-7b61-4a99-b5eb-00017d8f65e2","63ac0c2c-2483-49ac-bbba-aa48488f2703"
"0a031fd9-69c7-4bd6-8f37-fb022f7a1373","12","ead573bd-6c3e-4bed-bf3d-8900277a5f2b","75931615-08f9-485f-91d4-0d61835461d9"
"0a6189e9-e375-466b-b73e-a4e110f4ae84","13","fea8225a-1383-465f-b725-71742a5b06bc","800b6279-faf3-465f-92a6-ca16588e2665"
"0aa9c244-d00b-4c7e-ad5f-ce3671661720","14","452f080b-33c3-47c4-b90c-f942e3cc0ff4","eb86084a-df49-4702-b640-a819dc8bf3a9"
"0af06fa5-2b3d-4b1e-afe5-2b293fdcd04c","386","d1366bdb-19a4-4bde-8081-bc0bd425505a","6d32f603-4920-48a2-90f2-79fc637b3fbd"
"0c00a814-c579-43fb-9050-77ee3560bce8","379","1e5533c9-3ede-4bb1-bd9f-c84dcb544c89","33947127-1dfd-4190-b7dc-e20adafb8c8c"
"0c186597-b66c-4372-8702-6f5ff95d86ed","245","e1be07cc-c314-45d7-94ca-6a4bede4d6ed","0098a1a7-e198-416e-8183-22a73f1d342d"
"0d1b518c-9345-42eb-aa8a-9660fef81ddd","412","c9b1b883-7a3d-48e3-83c5-ed947110a5ad","00829686-6687-45a6-b365-7bfde179b420"
"0dc1765e-381e-431b-b9b3-f0baa94fc045","261","24a4730b-7aed-4343-8e8a-528c60933c6f","07d1a8cb-19d7-4e55-b592-03a7201037be"
"0e1c4f68-297c-45f3-a927-a6fb2a65b592","15","cdf35830-07da-43f3-beb6-416c99401090","4f370c87-3c37-4ceb-a651-ff9144d59385"
"0e32918a-8d18-47a8-8d14-f4839637cef9","16","70cd5240-a359-4334-a08b-d672d91c37e2","a7ccedb2-484c-4d21-bf21-e1c7697340e5"
"0ed201a9-cb01-4f5f-bf53-3137f87d97dc","235","e7fee688-6170-48e8-bd97-701ddeebacb2","8d7f494d-63e4-4b98-ac79-ad69fbeab475"
"0f58045e-f97e-4987-884e-e36d5453ce3f","378","974593b0-472b-43c5-bee7-2bcd57a6baf3","7f3a5600-e3eb-4481-8f3e-36c03cfda062"
"1012c13a-979b-4c98-82ee-14c6a2559e74","17","48a72800-c698-4931-8f77-c2ee8ea96d11","5dedde5b-64e1-417a-8b83-02f8cb1f58cc"
"138a3dc6-0d5b-4be1-ace2-8e6367c8e9ac","396","288aa463-2c08-434e-93ed-e039c4069181","f25abd3b-c431-404a-95ea-48cbbf7dcd48"
"13f206f0-0774-4b6d-8baa-f5a14d038631","408","3e01bfc9-e9cc-4233-80b9-4f4c850486a6","cafb8a83-2180-4762-9915-e57907661082"
"14021790-bc76-4312-a817-c8b118f3750d","18","70cd5240-a359-4334-a08b-d672d91c37e2","3c91ed80-8399-4e3e-be6c-236be3ea05ae"
"14cb44cc-d0a7-465c-bf19-b5b7b9b68266","19","e7f18d6d-ad53-4444-9772-4b8f6648484e","7ef03143-e617-4be4-a811-ecb3c7acfbb1"
"167d7222-54a8-4b32-8247-1200d5354bd5","308","11b67bd8-e4c8-43fb-85a1-efbfa9895ae0","177130dc-6d14-462d-a2ce-bc83683da3dc"
"16bef418-4ad4-473e-9165-ff21fd7c8a71","393","9479118d-415b-4471-86b5-95567c5702c1","f9aedf47-a3d5-4b2c-ae0c-976904fcb93d"
"16bfeb3c-6f8b-4473-b64e-2eddf701493f","20","dd92a7a7-f661-4877-9275-0979145e5abd","e03ecf5a-a0f1-4a40-812a-e506ea6a5257"
"17075d86-d076-447d-9cda-d72b16a890a0","380","164f2c71-5ade-4af3-b3db-7659385c049e","748201e0-7bd7-4777-98ce-19b7c0f795ee"
"1710d9b8-65a1-44c5-9a83-a0f2d9c86875","21","9cfa0750-2090-405c-8165-185e808c9e7a","9a88e595-5edc-4fe5-876b-104aee4ee1fd"
"178fe1b3-f401-4b53-8bc6-2a375dc14686","402","fbafb6df-9017-4351-aa68-3609a31c1c9b","31c0aa63-62e6-49d1-8201-329326a5a8db"
"180311cc-9c47-4be6-9512-fa904b4f1aea","306","196da891-1127-4790-b66a-41bcdcb90684","334c0780-cd42-414f-bd7a-f1abc380eebb"
"18098975-63f4-4c4a-99e5-ac9257899dd1","284","36c74c97-f50f-41c5-b252-59ade3a97500","8d8cfe1c-5d46-431f-b8bd-42d72addcd05"
"186f70bd-b03c-462c-9fff-9e1687b41a46","22","4a32e810-62e8-4fa5-878b-382dd2e3e80a","b3d7ae0c-b49a-4706-b954-c1bc8856ae37"
"19712ad7-49b9-4121-9edc-794a24501ce3","23","cdf35830-07da-43f3-beb6-416c99401090","d87511a7-080f-4438-8be7-579617b7207e"
"1a0c8543-7e1b-4cad-b958-0620b10e2946","340","4b9095a2-1386-41e0-98f8-842c5a7e321a","00d90055-b427-43ce-b086-7851054bf363"
"1a33d59d-9b34-4b96-b866-c1934326036a","24","50df593f-1c50-4ff9-8795-6893c4e3df53","da7806f3-2e9d-44d9-a14f-7947063a95c0"
"1b09676b-da76-4b81-923f-a8a87ae2df8a","25","ea627f04-77e4-4589-83cd-661e41e6af9e","231b2b49-21b6-4cfd-af9f-dcc7b6349232"
"1b52bfc8-7105-4296-906a-c95ef255d67e","403","fbafb6df-9017-4351-aa68-3609a31c1c9b","8ed00908-2be3-42c2-a265-c2f4cf47b2cc"
"1b90c864-439c-4317-9234-efa1cac76feb","26","e5d410e7-db37-4d5b-a638-8ff84918d172","ad6d2975-6b69-433f-b179-bff5d5e24273"
"1be0412e-d459-4a1f-95ff-3e02c864bf0d","269","36383f68-bb82-40da-bfc5-3d0efd3429c1","cae05f4d-b0f3-4e16-8f00-f331f3414ca0"
"1c125e7e-cf5e-4717-9acb-fd6203e082da","237","e7fee688-6170-48e8-bd97-701ddeebacb2","c4b220a3-f99f-43b2-9477-d569af4dd037"
"1c4b5b3e-f65c-40b4-81f1-22b8ed9d6d39","27","c68278ed-895c-4db7-be69-b1c5ac6a1153","22ba75ac-7009-461d-919f-3cfa61a355a4"
"1cdc9dc8-5742-42d2-b12e-b3bb5dd64500","375","974593b0-472b-43c5-bee7-2bcd57a6baf3","e242d578-9ab4-4149-8719-4caf151c6c73"
"1d52b5c4-9423-4a59-8ff7-dbede4cb216c","369","7059d947-f8c9-4610-8342-1404f6903094","fb22d036-60db-4655-8036-bd35a8b7e37e"
"1dd29eb9-910c-441a-9b04-0cec4c7c3879","28","c4deba1f-c0a7-4bcb-a7ca-1ee35972610d","6f29f56a-86cc-4468-a6b7-e4c6bb93c98c"
"1f112df7-af24-4c40-9466-fce8dda4187b","29","c4deba1f-c0a7-4bcb-a7ca-1ee35972610d","6045f9c6-4c83-4459-8b27-afa80afd4d58"
"1f98fa95-3832-4d27-8fb8-fea289a940a2","30","0ba753bf-6783-4aa8-8dac-22fa53b6b42d","a5f039ec-ac8e-4029-af04-e965ecc223f2"
"20183789-4b9f-4c89-bc57-07f4206e3a1d","31","452f080b-33c3-47c4-b90c-f942e3cc0ff4","6279f335-ae9c-45ba-a036-835daa5759a9"
"20f5af78-2797-4d3d-a5c3-64858822c5fe","297","d37f4665-5af0-4b3f-937d-5a2d92eba0c9","9847e95b-0639-4ef7-9636-816112ed254d"
"2106c6d8-6ca6-4b00-8093-2155a90b0b16","318","afb4854a-fe98-4e18-a206-686909bc0793","50785302-acb4-4091-9933-364bd55276d4"
"223fc3c4-80db-43fb-920c-af1d91697982","32","369cbc06-966a-45fa-871a-80df2e6c7840","eefb2b56-ccf6-4695-97a9-044cfd84e2d5"
"22d6c667-aca3-4bef-bbc2-b3d1e33e3d7c","33","4f2b4b46-a4dd-4a5e-bb56-abe35d44e0aa","51862769-ae51-4efe-ab63-887a03e784e6"
"22e8f8d1-3ca4-4e5c-b757-d6e8dde59271","34","2e25586b-e6d7-48f7-b15e-e6036f5a8a6f","1f497b2f-003d-4cc3-8aee-a7d398c2972e"
"2443d1d4-6219-41eb-9753-416531fbc336","35","369cbc06-966a-45fa-871a-80df2e6c7840","6562acdf-959e-47fe-97ac-7933c0bee0c2"
"25715972-45db-4465-82fe-2aab53387354","286","12c6bc8b-cbba-45fd-9f94-4827dc871a9b","07913efd-6903-4e3a-95cf-af4c6f648959"
 "26a2503f-35dd-4b69-9ef1-dad477f81d4d","36","50df593f-1c50-4ff9-8795-6893c4e3df53","c9f9f0e7-44b5-4344-bbdf-6aadc22412a9"
"27cabd51-a225-4394-990d-2d33fe7ac0df","37","cdf35830-07da-43f3-beb6-416c99401090","bf924574-5e62-46bf-9fd2-805a172f4fa2"
"28cbe723-7580-4981-90f2-092222c6fe0d","365","b3d23e1d-3560-4de8-abdd-6fd70ac22cec","01244c44-8f0c-403b-a39a-21ce223e3480"
"28cfda99-7948-4212-aa67-8bdbc83b4c0c","371","cd660f62-a58b-4d4c-9a1f-95f5151d8de3","178481c5-5cbf-4dd6-b395-920772bbfa01"
"28e59afa-8c92-4cd9-a692-19d138f56f64","352","8712b833-9763-452a-82ae-d4c931ed17e6","03054e9e-3761-424a-b91b-de43de9525ca"
"29bd92ab-7362-43a3-a9b1-2b92f9844078","38","cdf35830-07da-43f3-beb6-416c99401090","bf8683a5-c84f-47bb-932a-b3cac70f7bd1"
"2a24be4c-0835-4205-a946-8ce920b259ef","39","08c16f4e-46b0-4262-9814-ff231493c6e8","294ae34d-1655-4125-8d7b-2996930a892d"
"2b7bd0d0-6b5e-4c75-92d3-eabde129fb94","288","12c6bc8b-cbba-45fd-9f94-4827dc871a9b","9789ab9a-6f88-422f-abe1-03eb4739c947"
"2c30ea5e-b6b1-49b1-b798-4b8e984efb9e","40","8e7b7d9a-fc05-4ff5-a01c-3d3e1c60712b","a79822e2-d0e5-41ec-a3da-555242981c61"
"2d0c9bd8-7177-46cf-8e29-b45712da0443","41","4f2b4b46-a4dd-4a5e-bb56-abe35d44e0aa","93c9d90d-5b9a-464b-b74e-9f1728479a35"
"2d27afc6-1e97-4038-b8fe-cdc3dbad1b3f","42","7c32937a-b7f8-4170-86f7-50877a293bbe","ca2254e9-8ea9-4ed0-9a7d-08022bbc0089"
"2de9abc9-9116-4722-b0a1-0684021aca81","43","50df593f-1c50-4ff9-8795-6893c4e3df53","2a3b6abb-71b7-43bc-95e6-ddbd2a8dcf8d"
"2e09da78-d9c7-4099-9683-7946be25f205","312","7ec894be-d047-4469-8518-1df77b4212b7","927ccb66-6eaf-48f8-a4ca-c7b222531b0f"
"2e6595cf-545a-4579-9035-a5a1568c0849","411","c9b1b883-7a3d-48e3-83c5-ed947110a5ad","203477ca-de34-4d9e-86b1-6afc00a7b539"
"2eb4aaca-09fd-4c8b-b576-057f65ea781c","44","70cd5240-a359-4334-a08b-d672d91c37e2","e04253eb-c21a-4b3e-b6f4-d2f7b889971a"
"2f6f968c-f247-4f2c-8296-43cd8b148181","383","164f2c71-5ade-4af3-b3db-7659385c049e","6bc91083-9f9e-41e1-b53f-75895429ddb3"
"2f77c926-b524-43dd-8067-02448c8d55a0","45","b1524518-8e52-4273-b073-3cd0b9c11601","9148977b-6f4f-421b-ae68-41be9e74114f"
"2fc13525-7ef3-4939-a5ac-95ea30b9b98d","46","2e25586b-e6d7-48f7-b15e-e6036f5a8a6f","21302c36-ac90-40e7-bf65-737a7bcd985c"
"2fc1afff-f33a-4569-a435-39180699de20","47","70cd5240-a359-4334-a08b-d672d91c37e2","566a4b4b-b67a-4430-ae1b-2e40b3bd13a8"
"2ff1f1ed-ceab-4a17-8750-e49c2092fdc9","321","f2055ae1-9345-4761-8532-740c1dc301ee","e341fb8d-6b48-4f50-9726-488e8153c350"
"30a20eb7-c3e4-40fe-81fb-2819c585905a","298","d37f4665-5af0-4b3f-937d-5a2d92eba0c9","a9b0ad6f-4cc1-499e-ad35-d3789d85fb0b"
"30e143e0-36d0-484d-9133-ee7787deb80d","370","cd660f62-a58b-4d4c-9a1f-95f5151d8de3","14da4f90-621f-4dfb-b41a-b1d1035e8161"
"30ef4b6e-9e7e-416a-b07b-5bec9d9ba5dd","48","fc257651-f74f-42a4-a848-24a7f8d8084c","11fb409a-03c0-41b0-b826-c62976a0b79e"
"31a69f53-f809-454a-877d-762e2343fb4e","49","aa010a52-9d08-4482-910c-7a98344c83bf","eb4a71da-02db-4256-8d03-0740dad066ca"
"31bca76e-5387-4661-bcbb-afd7d060878e","50","9cfa0750-2090-405c-8165-185e808c9e7a","f5887caa-35d5-4f40-b818-8b874824162a"
"320d4a46-7a18-4bbb-b816-e08de3239379","51","196da891-1127-4790-b66a-41bcdcb90684","583bee20-e890-4b50-a095-3f6e48da6060"
"3404a762-31e9-4c60-bb2f-3a40ab21c70e","418","531b30f0-99b2-4aa3-825e-2c2d504542c3","0501e7ab-78b6-4b84-94f8-845834d8e847"
"345f2892-02be-4bec-a328-bef5d3d70572","52","2e25586b-e6d7-48f7-b15e-e6036f5a8a6f","c491d63c-4ea0-4729-b051-c9dd6c2b0502"
"34ac611c-df53-4597-bd99-38a0ea9cc593","347","8712b833-9763-452a-82ae-d4c931ed17e6","c470e795-2d5f-40f7-ab6e-e08c7db01dba"
"34b528e6-e9d3-43b9-928c-3a6efde3a42b","233","e7fee688-6170-48e8-bd97-701ddeebacb2","06020a6c-f8cc-4a89-bdcc-d9dbb770b2ff"
"3525acf9-426c-4716-9b98-42321062190f","53","9cfa0750-2090-405c-8165-185e808c9e7a","f74738ec-950e-40bd-8f6b-15ab92073b35"
"358a52b1-70c7-4700-897c-8b07e6f21074","285","36c74c97-f50f-41c5-b252-59ade3a97500","1292680a-297a-4212-8591-61753f968698"
"367e3001-9a2e-4e87-b7f2-c030e1208e6d","324","c763f786-02ca-4439-9eb8-70b9db59955f","f7d8a579-49ce-4f42-a236-573714897f23"
"36eec1cd-92ed-4f1e-b2e7-b0cd92cbe17d","360","a0bf01ba-3cb0-49af-9fba-86b0cd761fb3","d0a4a2a0-1d52-46ce-a4fa-5ddd126a4e73"
"36f47104-de0c-4785-8c1e-58f1f311575b","54","8ab8e800-35cc-46bb-8506-241b1838799c","d6f37aa0-4384-486f-b277-3e3e327bb353"
"373e21c0-f468-4330-9b30-ecdeeaff2cd3","55","a96bc38f-7dbf-4d93-b897-708abb45218d","f03a6370-6852-4851-bc72-06cf6f712767"
"37a13b1c-9d73-4668-8727-1069d41dc726","309","11b67bd8-e4c8-43fb-85a1-efbfa9895ae0","20e2af4e-090a-430e-af20-cf481c4c3658"
"37d64521-7665-4875-a439-075060b67d47","56","c68278ed-895c-4db7-be69-b1c5ac6a1153","88ab38cc-6752-45fa-b3bc-9dfe3ef643ba"
"38372fea-63c7-435e-9e14-29c58ac86eed","57","94790b7f-8fe1-486f-81c0-c395a3c919ee","59e6b902-591d-46ee-b650-a1bc8d43f87c"
"38668e9b-a881-4fa7-9de9-21fb1752ee5d","58","e5d410e7-db37-4d5b-a638-8ff84918d172","4e408491-d9f6-4fd2-8b46-5fa5ccf50ba8"
"3881d6f2-c4b3-4d5c-a69d-2993822d90b2","59","37da11af-7701-4135-bd91-6de13d0b3409","df97c891-6d66-47c7-8bc4-37a5756ba0e2"
"38e7ac38-265d-4c2f-bcb9-17e1447c50cd","367","7059d947-f8c9-4610-8342-1404f6903094","e28a2637-3d33-46da-b804-ca461dd44bbe"
"3914c43d-6eba-465f-90a3-9a7616e2cba7","60","eaf5988f-5d2f-4708-a9de-f3fa1c2abbb7","76bf60b8-3b72-490a-afc2-4443f94a5e7d"
"39abfc53-1137-44a0-9c2a-b23a271172b7","423","80c890e9-ff81-4130-b56b-918371d2515a","64666798-13ff-4716-8c3e-73063cde335e"
"3a3b8b28-b21c-4e5b-8afc-a2c0c1fc1dd0","61","6f104cca-0fc1-4c15-92da-d5014c5dce31","4c3aeb21-11c5-4630-ac7e-ede6b088eb8c"
"3aa9e1cc-27d7-4291-88fd-373cbc4a190a","382","164f2c71-5ade-4af3-b3db-7659385c049e","9fbc62ef-f7f1-402c-bd33-30fd3e01cf05"
"3b279148-34bb-4e98-97fa-368d04c79d0a","348","8712b833-9763-452a-82ae-d4c931ed17e6","5475f1b7-e7df-47f4-8ba0-e9043d2d2a59"
"3b6b04ca-acc4-4071-b7c9-c2f584018b70","62","8ab8e800-35cc-46bb-8506-241b1838799c","22914041-8b59-4c93-b9c0-d1ff7c325fb7"
"3d105840-b459-4f91-8d24-d92b83b99698","63","c68278ed-895c-4db7-be69-b1c5ac6a1153","58c057ed-0921-413c-b0d7-4cedc74acdeb"
"3d88bcd2-10c0-4092-ac99-29f93ffd2c95","64","6f104cca-0fc1-4c15-92da-d5014c5dce31","a20bc528-041a-430f-8193-1e4c758baa65"
"3de21192-2433-4f43-bb4e-c592379a95ab","65","e7f18d6d-ad53-4444-9772-4b8f6648484e","51f016ad-13ce-4a57-974e-c59d0a510bc7"
"3e3ea0d2-e567-4a52-b073-59b43fe6b958","66","b50da4a5-8571-487d-a13a-3dcb6e55b50b","66f35575-811c-41ad-aeb5-063fd8201185"
"3eb94bd1-6ed3-4120-a3e9-8f44bb69ba89","424","99506170-e87b-4323-90fc-92234486470d","70c4b825-72f7-421a-9e11-e15b3b6acff3"
"3ed80215-8edb-475e-aea5-85badff19e1a","310","7ec894be-d047-4469-8518-1df77b4212b7","6e967f6f-1853-47ed-b873-79a662b7f0ae"
"3f0977ef-d331-4353-8611-983c886fecd9","67","9182632d-7be4-427d-a172-dcd8ea965aaa","dd843f66-d239-4028-ab0b-cd52b2600632"
"420b10ca-d168-416c-bd5d-fb6e7a2db78f","281","bbf1a8eb-831e-4dc4-aafb-96e07a5dc99c","d31fe7a2-5fb5-44dc-aa97-a3362362aae2"
"44ba5aad-6342-4782-8535-e477665fcd8d","257","4cbbedf7-279c-495b-a458-7a9185161535","6a3e350b-df2e-4cd3-8905-ea99a7c59266"
"44ef2f49-2d15-4973-8acd-32d4b5f3df9a","296","d37f4665-5af0-4b3f-937d-5a2d92eba0c9","8cff64ad-5e45-4bb0-ac63-24aaeaae5407"
"4810c933-c95c-4ce1-afb0-0e6be58109bd","68","2e25586b-e6d7-48f7-b15e-e6036f5a8a6f","4f88f754-c744-4571-b165-484932986040"
"48d52032-963d-4ef1-8f8a-6a96eb44602d","69","87606413-3145-44a1-b948-0dca796ff22a","34d13bbf-8492-43ff-8436-e9e5e414ed87"
"49129f3c-2697-4936-b8ae-523a541ea8d2","409","3e01bfc9-e9cc-4233-80b9-4f4c850486a6","b7a12c2a-8058-4bea-a625-7189364765fb"
"4967cbbb-f9f5-4ff0-92be-329ac51c5e36","328","12c6bc8b-cbba-45fd-9f94-4827dc871a9b","03054e9e-3761-424a-b91b-de43de9525ca"
"4977fb15-b00d-4952-8712-b331643ad575","70","ec93e2da-7198-49a0-b0b1-7c0cad4b30f6","2cf7b16e-430f-4d26-b423-7e43063eaa41"
"4999a567-a82b-4a67-892d-d55582093e5d","250","8d0eec19-4763-4b50-8d28-0397184cec9d","8f071a53-bdbd-43a9-be77-505f3bf4566d"
"49f627a4-d40a-46f7-bb4a-45a95a91f332","71","e3fade1a-1120-4b72-bc32-5257afbfad59","cddc3a11-3e6d-48fc-955f-979be540e73e"
"4ac9249f-b524-4c33-9fd6-a48203bebfdc","72","aa010a52-9d08-4482-910c-7a98344c83bf","86fc55cb-3281-4433-8b7c-08cf16b39502"
"4be76c3c-56c3-4dcf-88ba-be15cda5a235","73","fda615b0-17fb-4dc7-b598-4b9aa3513b06","8458fc04-8b1f-4fdd-ad8d-eba6b66b2bd9"
 "4cec16c0-2474-4e02-8a83-209373608d78","274","dd4159ac-5efe-42b9-910c-a54228ecda7b","41fef536-b45b-428b-b456-cecda7d76241"
"4dbb65b3-4430-4b65-a52b-66222ca2bfa6","74","de7fc7fd-7b61-4a99-b5eb-00017d8f65e2","8b01186f-7e04-4a3d-8a60-0a050c1067c5"
"4dd6c4bb-94e3-4f77-883d-a3de8ea97caa","346","d7da000b-282b-4890-bad2-5feac0d2b97e","5cb0cd00-0628-4489-9572-bcd60c45f288"
"4e0342e2-e80f-4831-8b0d-1c6b92602901","289","12c6bc8b-cbba-45fd-9f94-4827dc871a9b","913f2cfe-4927-46c7-be6b-e4fc2ca9d779"
"4e646b36-644e-4069-9d0f-d1763a30d316","75","080f5707-63ab-431a-834a-ae0b6a50ca9b","fa31988e-5026-4811-b72a-b4c58d0a33a1"
"4e9157f2-a71e-4517-bb71-be2bc4cf7ac6","359","8712b833-9763-452a-82ae-d4c931ed17e6","3b208d53-b4d2-4399-bd37-05445728379d"
"4ebb8aa2-a110-4606-b745-c0bae8bd10a9","76","f3dc1551-a271-4be8-a188-cf8325c00298","193f938b-bc2a-43ff-a3af-a65c29f1ab4e"
"4f3b3681-05aa-4023-ab8d-099f86d74621","77","70cd5240-a359-4334-a08b-d672d91c37e2","1ae8e0d9-81cb-437c-95a9-3b8657cafc11"
"4f7f6c50-b0f7-4c30-a21a-746301fd368c","295","dd4159ac-5efe-42b9-910c-a54228ecda7b","ef978ab1-e87d-4c47-b59c-153c601549a1"
"50739ff9-f60f-4824-95ed-c514fcab1c6a","407","3e01bfc9-e9cc-4233-80b9-4f4c850486a6","aecbd84d-d9ce-4776-af3d-9945e81e9365"
"5085997a-667b-4e0c-8dcb-3e15a027b75c","327","486105a3-c97e-4df9-a109-3bd0e87b944d","1151f41c-e498-4443-b829-f2421c7bf2cc"
"50a8c356-5ea6-42ba-a72b-9c973e64783b","78","fe3f82ef-81be-478b-b76d-ffd3dc02ae28","07ece4fc-0e9f-44ca-8e0a-487ded0dcf1b"
"51902afa-b8cf-4917-b433-88941cb20330","79","fea8225a-1383-465f-b725-71742a5b06bc","e2899d30-a0f9-4e9b-9c70-51f3ece9d5cc"
"52900aa1-725f-4399-944b-982e78c047b2","256","4cbbedf7-279c-495b-a458-7a9185161535","b0c009e0-280a-43a5-ba9e-6465777709eb"
"533531f0-4204-432d-95d6-827786bddfe7","80","8e7b7d9a-fc05-4ff5-a01c-3d3e1c60712b","e4852a2c-9841-482f-ab10-67e8aa8eeba6"
"53a7070e-c887-4749-8349-18aa005777cd","376","974593b0-472b-43c5-bee7-2bcd57a6baf3","4cbf857c-cd8e-4349-a474-7fd48b7793b9"
"53c1c1a2-5a0d-40dc-9b27-2d558ef70f75","81","196da891-1127-4790-b66a-41bcdcb90684","55fb460e-82ba-4823-ace2-025b7d3aa329"
"53de1545-7a2f-466e-b79c-041b9888332f","317","afb4854a-fe98-4e18-a206-686909bc0793","c5651565-dafe-4676-90fc-2578f8080de2"
"556b45aa-f306-4830-8ddb-cf7b114ee57b","358","8712b833-9763-452a-82ae-d4c931ed17e6","45cda231-30b2-4f45-9741-b878ee39efa0"
"55b4b1f1-e6ba-400e-bdd2-312be8db274b","82","9182632d-7be4-427d-a172-dcd8ea965aaa","fcef2126-9f69-4970-bd29-b954b46858d9"
"567b2a5a-020d-4ced-ab3e-49eda7de5a75","83","cf9531c7-8f5c-4d1e-a918-2769a358e8ba","505bc8ab-daba-4ae6-ac97-4e1328943e5e"
"56db0ea7-df09-4850-9be3-fa3970c2ac69","84","9182632d-7be4-427d-a172-dcd8ea965aaa","1fa26937-537f-487d-aab9-72bb44449e5b"
"576c343d-4bfe-47a7-8847-599e83334c4d","85","3ec7d90a-8458-4599-a18e-a17aa5617747","d84f0c51-3ea3-406e-a63d-d1b0da593c1c"
"57ea78a0-0d6c-4477-96eb-09c241e6ca02","86","4eae5235-6c06-41fa-9797-bb8bcebd126e","7fe36550-2d7c-4398-ba52-7c1fbafef5a8"
"5801313e-8d6a-4836-9e16-02a523b25a9d","87","452f080b-33c3-47c4-b90c-f942e3cc0ff4","94ffaedf-f4a0-415c-af53-80d7a393ed78"
"5801554e-9615-4471-b390-6610807936ac","420","531b30f0-99b2-4aa3-825e-2c2d504542c3","d9a57560-5e30-4891-b1b8-923859cd357c"
"58c246ba-c6f0-4a73-8137-864c0e6ba7d0","272","dd4159ac-5efe-42b9-910c-a54228ecda7b","03dd2c4a-b190-4d3d-8525-d2373f5cbc8d"
"594ba253-91d4-4dba-be61-99e02f73906c","88","eaf5988f-5d2f-4708-a9de-f3fa1c2abbb7","1bc96b89-3162-420d-a4f0-ad3f59fd63ba"
"59842860-9632-42e4-a8a6-6d5f026c0c26","240","5e2a0b73-a971-4750-bec8-2d8a438ebb77","2b19c153-4170-4175-8af0-d9cc4027a3ff"
"598e1634-edf7-48be-bee6-b7c957a5c37a","356","8712b833-9763-452a-82ae-d4c931ed17e6","ef978ab1-e87d-4c47-b59c-153c601549a1"
"59f74692-f396-4482-859d-6bd81b4bfb5e","89","c68278ed-895c-4db7-be69-b1c5ac6a1153","ccdfabc7-0a9f-4cbe-85c4-2125b0d2c308"
"5a2e2bc4-e0d4-413d-9ddc-1d8abe07bba0","332","35f98228-a2c4-4d35-a4ee-2cecf0533274","c791e315-183f-4afe-8adb-5aac5466e2aa"
"5a81c136-3db5-4669-9d4f-140d3f74745a","354","8712b833-9763-452a-82ae-d4c931ed17e6","417fcf7d-7e0d-4949-8b32-0eae4c48f4cb"
"5aa8ea4b-ed64-4c81-b511-25786238c2a8","90","e3fade1a-1120-4b72-bc32-5257afbfad59","49ac9c2a-7f37-445d-9b64-16c42fa74d9c"
"5b0999a0-5991-4630-9c0f-02457536b308","362","a0bf01ba-3cb0-49af-9fba-86b0cd761fb3","73e6c7ed-fa11-4271-8e4a-f8b85e496eac"
"5b85d6b0-ebe4-4d0b-b77d-c694a2e82674","351","8712b833-9763-452a-82ae-d4c931ed17e6","091e3b02-48cf-4a8f-9e14-d6fcda50a734"
"5c21998d-26da-4d43-a86d-c1269ffee22d","414","c9b1b883-7a3d-48e3-83c5-ed947110a5ad","c9400be5-f493-4993-b173-1fd49fb8f551"
"5d204790-86d2-484d-a50e-49a0eb8394c9","305","196da891-1127-4790-b66a-41bcdcb90684","2df4e704-9215-482d-97dc-9c9d63ee324d"
"5d9445b6-38ee-4a33-9718-60c4f42ae243","290","12c6bc8b-cbba-45fd-9f94-4827dc871a9b","a1c7baa3-4a19-477f-9581-a65557780902"
"5dbff0b3-4c9d-424a-9435-8c1438000066","342","d7da000b-282b-4890-bad2-5feac0d2b97e","ffc89e32-00ad-4ba7-89c0-55ea404e503e"
"5e26df00-50f4-4b70-b910-c141799c2472","300","d37f4665-5af0-4b3f-937d-5a2d92eba0c9","ff69a895-3bcf-4f6d-809c-1e2a3555136d"
"5e27cdfe-5675-47d1-bb8d-bcdc6ef8598c","91","87606413-3145-44a1-b948-0dca796ff22a","1144addc-39af-468f-9eb6-0137442d7944"
"5eade907-093f-434c-89d5-60652037dce1","92","5fdd2c62-db07-4241-a165-7faf962473c7","693bb959-d2ff-43dc-9e9e-61e01146c0a5"
"5f86ac27-5882-40f6-8625-ba8b7c79ed43","372","cd660f62-a58b-4d4c-9a1f-95f5151d8de3","23285cff-0be5-4460-accd-7ceb5e4f8926"
"5fd38a81-1085-4c30-859d-26a55f009a71","93","aa010a52-9d08-4482-910c-7a98344c83bf","ad014ea9-7650-4d2a-9d1a-db6f81709b7d"
"60442c13-ba7d-4579-91ba-c9ab0d33b156","339","4b9095a2-1386-41e0-98f8-842c5a7e321a","db57060d-d6a1-4088-9390-bbddf1b72074"
"60dec93b-9e5f-4d31-a2c8-8e85a9569a6b","94","452f080b-33c3-47c4-b90c-f942e3cc0ff4","f17e0b62-73b7-4db4-bd0c-084f3864fa24"
"60eda908-d191-4784-b1bf-51387e229b7a","95","080f5707-63ab-431a-834a-ae0b6a50ca9b","6069a346-7899-478c-a598-fee350fd2dc6"
"621f6aa2-e157-4a2e-abfa-592141183df3","96","4eae5235-6c06-41fa-9797-bb8bcebd126e","41ecd85d-7ef8-4c43-9b36-6d732d66beee"
"6243f7d9-a4a5-47be-ad2b-775650be1a37","97","ead573bd-6c3e-4bed-bf3d-8900277a5f2b","e3340622-da93-4734-be0d-d7d122b8e17f"
"63064d5e-e0d3-456f-8ac6-ab761ca7bb76","98","fda615b0-17fb-4dc7-b598-4b9aa3513b06","e48a1a28-6753-47e1-a884-6578dc0b9fe6"
"636c8ea2-8455-4b5f-8413-a3426ed5a9e3","314","7ec894be-d047-4469-8518-1df77b4212b7","d9e5ee7e-f3e0-45e4-9b7e-f231461eeedf"
"6500daf2-8036-4bea-956f-0d52aa796a03","99","cf9531c7-8f5c-4d1e-a918-2769a358e8ba","68151483-b9a1-456e-b19c-b7f4d5486a47"
"666255d4-d00a-4c9a-9ac5-1b564b6a0761","100","8ab8e800-35cc-46bb-8506-241b1838799c","8054251d-66fe-4db6-a7c9-f4f19ca05ba6"
"672df515-ccaa-4fe1-9f3f-2b3ac2d61ed0","101","aa010a52-9d08-4482-910c-7a98344c83bf","e93aaa90-6564-4377-8e48-f6c044df6ff4"
"67667d20-9567-4888-8a6d-edd033308798","102","fc257651-f74f-42a4-a848-24a7f8d8084c","e4ed763b-850a-488e-aac5-b83b24d01666"
"689c3da0-589b-40d8-af93-abe7e8ac4d7f","103","e7f18d6d-ad53-4444-9772-4b8f6648484e","bcd99f92-ecaa-4da7-b0d8-931c3a2707f4"
"69757633-0c3f-47d8-a83f-3d512b35fa16","104","1516c4dc-bff6-408f-bb29-c96780783942","b81f5ec7-ad8c-41df-af85-0d92e7919d6e"
"69848119-6774-4164-9d9c-4b72627a1653","105","196da891-1127-4790-b66a-41bcdcb90684","51833b0b-f5ad-44fe-964c-fc3441a4a6f4"
"6bf725a9-ef7f-4f8e-b883-e6e8661a3d63","106","c68278ed-895c-4db7-be69-b1c5ac6a1153","b09f5b65-38d2-4baa-8c9e-caecfaf70494"
"6c618db2-66e6-418d-8ddb-395015c18a65","107","48a72800-c698-4931-8f77-c2ee8ea96d11","ef3ff473-3e90-4073-961e-2215caecd677"
"6d5b0480-a256-4311-8d7d-6a7971313c3b","236","e7fee688-6170-48e8-bd97-701ddeebacb2","4dff9ec9-807e-4880-8611-5eb4e6cb8859"
"6e0ad4a8-1da1-4d62-bf42-7f18d0ba8eae","363","a0bf01ba-3cb0-49af-9fba-86b0cd761fb3","2f1a5d2d-bfca-4585-91db-0de373e41852"
"6e1948b0-9a3a-47ae-97a7-03fc70a10889","391","9479118d-415b-4471-86b5-95567c5702c1","2bb8a75d-6b72-4daf-838f-fe26382e00e3"
"6f9bdf4c-8c81-4fdc-a14d-84eff876343f","108","9cfa0750-2090-405c-8165-185e808c9e7a","099e9027-0634-4559-bd15-bf688061289c"
"71aed4ef-a434-4b21-93da-c6e55f8052f0","425","99506170-e87b-4323-90fc-92234486470d","7e674d22-fe79-45a2-a9b2-5a81585cd17c"
"72041480-ab97-46bf-826e-39e12b38aaf1","343","d7da000b-282b-4890-bad2-5feac0d2b97e","3cf9b621-4445-4c20-b8d4-7a970d95a519"
 "733a5d98-7fa1-4231-92da-dbc87e8305d9","109","7c32937a-b7f8-4170-86f7-50877a293bbe","1c4ad050-07fb-4de0-8449-0c65b8b7745a"
"73d3c331-8dea-48e9-bb89-ae1dd37b0f64","110","452f080b-33c3-47c4-b90c-f942e3cc0ff4","e849ee30-9bcd-42c4-b41b-065a8d584dce"
"73e0a9f7-9b76-409b-9dda-4d068eb20338","311","7ec894be-d047-4469-8518-1df77b4212b7","85f92600-eb70-4712-a8ac-c9880d978db2"
"7492103f-f687-4853-befa-e000941fa603","111","94790b7f-8fe1-486f-81c0-c395a3c919ee","7ec01fcf-bff1-4923-94d4-18e4534bfffa"
"764fd777-81c3-4e2c-b72f-aec29a27e51c","253","8d0eec19-4763-4b50-8d28-0397184cec9d","0cb737bd-f26a-470f-8881-77acf2b0f089"
"7771eb11-bd4d-4de1-bfa8-13b874292494","112","37da11af-7701-4135-bd91-6de13d0b3409","2da5fc41-ed40-4c24-b104-0d40b2215d3d"
"77d96cc4-e3e1-4b23-8786-a3b835dc2ba3","113","4eae5235-6c06-41fa-9797-bb8bcebd126e","aa24161c-957f-4584-a74c-57be50bed7bb"
"785ded74-9a1f-40fd-9739-f5373dc674bd","114","aa010a52-9d08-4482-910c-7a98344c83bf","cc20e280-ab48-4b13-a27d-b0e425e2dd57"
"79e8d537-7a6c-4ea7-b7b2-b28e41d61bc2","115","a96bc38f-7dbf-4d93-b897-708abb45218d","56f59cb3-ce38-4988-99fa-509ac109a176"
"7b5019bc-95fe-4a71-a7b5-b34918b7b22e","116","080f5707-63ab-431a-834a-ae0b6a50ca9b","c426b890-282b-4190-8f49-58e6b49fe792"
"7bb2b1a9-cf18-45f8-a718-f2bfabc70b0e","357","8712b833-9763-452a-82ae-d4c931ed17e6","df33a0ff-4b2b-4672-ab18-7970648bb652"
"7bb2c812-c163-4e2b-83dd-32159936c6ae","389","941c90cb-a0a5-44fc-ab5e-5482518a5f2e","0460616a-c4c0-4398-b37b-c7a888524f8e"
"7be7b771-38cd-4c1d-a3a0-f860161a2604","117","3ec7d90a-8458-4599-a18e-a17aa5617747","2c0b8f3e-77db-48b1-9f14-371c0dc16345"
"7df047db-b689-445d-bc3f-3b5d7114aa7e","118","1516c4dc-bff6-408f-bb29-c96780783942","a5062ead-780a-4b1b-b3df-916c62bd14a1"
"7e00babf-c0b9-4bad-95ff-92bf96ae1eef","119","b50da4a5-8571-487d-a13a-3dcb6e55b50b","368cf461-1a7f-4e53-94e9-21367bb646d3"
"7ec84c74-20ec-4545-8872-01eb967853bc","120","ec93e2da-7198-49a0-b0b1-7c0cad4b30f6","867bd3c9-f194-4d4a-89c8-2d7e6790e5ef"
"80e47694-8838-4fe0-93a5-c831146901ef","121","94790b7f-8fe1-486f-81c0-c395a3c919ee","bd5dde9a-da81-4a25-af9c-6cb9f848be35"
"819bb02d-e5c6-4b3c-a9cd-6f442541f7ae","276","3155b03d-3dda-4eb0-b338-67595beca146","1dd85b37-c4de-4b23-a64d-c05430852564"
"83ffbfd9-1ec8-48ed-a998-86121b8bca3d","364","b3d23e1d-3560-4de8-abdd-6fd70ac22cec","f45abeba-8ad8-47ce-a314-780502e36c8f"
"841a29ff-19b1-4e64-ba0a-9851c83f6688","251","8d0eec19-4763-4b50-8d28-0397184cec9d","b25fbc88-9e1e-497c-8020-c89d9ee247e8"
"845aed4c-1f88-4ed4-ad11-335454e37e90","122","aa010a52-9d08-4482-910c-7a98344c83bf","56aadabc-5554-4da7-a6b0-88e24bce5882"
"8465737f-3589-4622-b9a0-75a2ca2bb3d0","388","941c90cb-a0a5-44fc-ab5e-5482518a5f2e","71a85e91-1da9-4a39-8be1-b68fb169bd6d"
"854c36eb-1901-42a3-b959-7c882385fab7","123","aa010a52-9d08-4482-910c-7a98344c83bf","693bb959-d2ff-43dc-9e9e-61e01146c0a5"
"85b29ebd-489e-4260-86bc-bdce781020f7","124","e3fade1a-1120-4b72-bc32-5257afbfad59","cafe159f-b89b-4fb7-8b3e-cd1f253f6aca"
"86933e62-558c-4578-9cf5-9eded5b8c620","125","ec93e2da-7198-49a0-b0b1-7c0cad4b30f6","63dfc176-dbcd-409b-a110-be6978831134"
"879922b7-ea9a-4493-8cc5-cce7cf8f826d","126","ec93e2da-7198-49a0-b0b1-7c0cad4b30f6","716648c5-bb89-4a78-adbc-1b032a0d0f79"
"8b335dbf-6c05-436c-8f92-144d2548810f","234","e7fee688-6170-48e8-bd97-701ddeebacb2","bd193ad6-f08a-486c-8c77-56c82a70fda6"
"8b6cb179-72cc-438c-8eab-f47b31e33d3b","127","452f080b-33c3-47c4-b90c-f942e3cc0ff4","a6dd99fb-271c-496d-90de-c48cd176ea68"
"8ba20c51-ccf2-4fd4-8d06-277b53a05712","128","fc257651-f74f-42a4-a848-24a7f8d8084c","59ab3a1d-9619-47b0-9fc7-75c942d169c7"
"8bae5798-96cc-412a-a6fb-1b3522fa8f17","341","d7da000b-282b-4890-bad2-5feac0d2b97e","3625b737-83d7-4c6e-9b42-27fcc2590c70"
"8bd8323a-d816-4e49-8a63-58955fcf11da","353","8712b833-9763-452a-82ae-d4c931ed17e6","a168aa1b-448d-4db4-a5f7-8d8b25c4cb80"
"8c6146a7-a96d-4081-a07c-9a74a4f37703","410","c9b1b883-7a3d-48e3-83c5-ed947110a5ad","4f7e7696-54af-4436-b896-224986617e36"
"8cb9ce60-61f6-4f06-9c44-da5b186b3ac4","413","c9b1b883-7a3d-48e3-83c5-ed947110a5ad","0e1cde36-ef6c-442a-adc4-0e8374a62571"
"8d18c6dc-226e-4be5-a6eb-0a26da89e830","268","36383f68-bb82-40da-bfc5-3d0efd3429c1","ab96705f-038f-4f74-9d40-8da7bf623dc0"
"8d9edc5e-af38-4736-9357-ac7492f41c1f","419","531b30f0-99b2-4aa3-825e-2c2d504542c3","f7caf899-1e52-4927-950a-03f5c035d3a7"
"8e08e068-d082-4ee7-85d1-a8a0a7e2a455","129","c4deba1f-c0a7-4bcb-a7ca-1ee35972610d","fb8c3a35-2d7b-44f0-a43b-6ed6b8dd668e"
"8e25c396-dff0-4222-a849-67af699ba0b6","259","24a4730b-7aed-4343-8e8a-528c60933c6f","65c5d457-3efe-4bad-92fa-2a4c232dad67"
"8e2ea07e-98f5-457c-bb9c-551d284e8006","130","6f104cca-0fc1-4c15-92da-d5014c5dce31","d0220336-8aa6-4851-af71-b8b1f865204b"
"8f327606-b26d-42e5-8369-815f27ec8ad5","426","99506170-e87b-4323-90fc-92234486470d","0f4860d1-fdc0-4e39-bbfe-d15f0a5e1f4a"
"8f367e5f-d3a1-46b4-820a-21877e1a3720","249","e1be07cc-c314-45d7-94ca-6a4bede4d6ed","c9f7d1cd-ab0e-4f17-98cb-c5be2597b899"
"8f7293a4-91f5-4eef-ab7f-02f8536b6ea8","293","12c6bc8b-cbba-45fd-9f94-4827dc871a9b","8ef02f6f-6aea-42a7-bcab-cc6da2a5902c"
"90091a52-2fb8-4f2a-954c-ae7fee3a4099","398","bfb91d07-6ddf-459d-b8b8-fde3d0eef667","18b7685a-228b-4162-a2a1-cb87332287ed"
"913c12f9-7aa2-4b45-9dca-83b152460d55","277","3155b03d-3dda-4eb0-b338-67595beca146","3657cc7f-3e6d-4dbe-98fe-8414a173b25c"
"91e45785-f783-4ea4-b5d9-b4b97b9f65c2","131","fea8225a-1383-465f-b725-71742a5b06bc","9c9a5be1-2c91-475f-bafb-72266162cf1d"
"91e842d0-3f97-44f7-9fb2-86cb9249b2da","270","36383f68-bb82-40da-bfc5-3d0efd3429c1","39fc7cae-f7fa-418c-b66f-931824d337a5"
"91fe9543-1f4d-4eb4-98b1-7b157d0adda5","132","f3dc1551-a271-4be8-a188-cf8325c00298","85c46b73-97eb-4b66-b44d-79915e142d7d"
"931cd6d5-ce68-4d66-9a29-c33ed5e4ec52","254","4cbbedf7-279c-495b-a458-7a9185161535","2ac861ae-48eb-4b85-b43b-b654511aebb2"
"932d0f43-ac3c-4295-8fc6-8d2d972e826b","133","e3fade1a-1120-4b72-bc32-5257afbfad59","c9df0fab-a3a5-43db-84f7-118047ffd85e"
"966d411b-9730-4372-bee2-15a5a2f312a0","134","5fdd2c62-db07-4241-a165-7faf962473c7","ad014ea9-7650-4d2a-9d1a-db6f81709b7d"
"96baac78-d2a6-42d0-9546-758cd2a96548","135","1516c4dc-bff6-408f-bb29-c96780783942","9c691e1d-bf1c-4e8b-9063-3a061e4c5b8a"
"97fda962-afa9-4d07-a0f8-a0152b5388ba","299","d37f4665-5af0-4b3f-937d-5a2d92eba0c9","d819d0c0-a3b1-4229-b617-d6ff43b70ba5"
"97fdd70b-4cbd-4e9c-a447-9cb218496f57","333","35f98228-a2c4-4d35-a4ee-2cecf0533274","f1af70c1-dbbb-48fa-a6b9-749388102cd6"
"980dee0f-2ce8-45ca-a2ea-849b0a9a5c12","400","fbafb6df-9017-4351-aa68-3609a31c1c9b","d90a1f51-4a4c-4d34-a480-b1294e1bf6e9"
"986d8ddf-d4d4-400d-8bd0-3ce16ac2f663","368","7059d947-f8c9-4610-8342-1404f6903094","e291f942-ede6-4bf7-b617-6346932a63ac"
"9965e672-8902-424a-8f9a-1e846d900427","280","bbf1a8eb-831e-4dc4-aafb-96e07a5dc99c","fc177d0b-3e4b-4353-81fc-22ba22e5fb62"
"9a1782fa-0bb3-4df9-9178-8d1c9c60894a","344","d7da000b-282b-4890-bad2-5feac0d2b97e","0dce3c64-f07a-4d36-9949-c72bfc1186b5"
"9a3b20be-5b50-4f61-a015-1984b8f48bc0","232","e7fee688-6170-48e8-bd97-701ddeebacb2","d939da04-0f7b-4a0a-b78a-b2c295164151"
"9bc620d6-258b-426d-8733-d9297800948e","136","fda615b0-17fb-4dc7-b598-4b9aa3513b06","846c4427-3dc0-45cc-98e2-2d8f80006de4"
"9bedcd65-e85e-4ef0-a349-5d05029dc916","325","c763f786-02ca-4439-9eb8-70b9db59955f","fc8bef7c-7c23-4e7f-aa15-a6d243f7710c"
"9d202017-b7a9-4d8c-8e06-3c6372700541","137","08c16f4e-46b0-4262-9814-ff231493c6e8","234df4ae-7cec-4a0c-8524-fb987afb311a"
"9d348102-a2e6-44c0-8978-b4650612da39","387","d1366bdb-19a4-4bde-8081-bc0bd425505a","dde25816-d7c5-4715-a458-1ea298734227"
"9d4999b4-48df-4d82-b3f7-780541e3a5f6","271","dd4159ac-5efe-42b9-910c-a54228ecda7b","38926bec-e662-430a-8bff-baceca3ec5e7"
"9d545ae8-0f2c-46ea-af70-cbe4061cda9a","138","de7fc7fd-7b61-4a99-b5eb-00017d8f65e2","23ff6a83-9f41-433d-8a8a-9ae2db04947d"
"9d5c4604-ae58-4075-99f5-45fb8e144588","385","d1366bdb-19a4-4bde-8081-bc0bd425505a","4d9032df-90ea-40c2-aa5f-c8f6d24c020d"
"9e8337ea-e574-4b58-99c9-35e28600ae59","139","0ba753bf-6783-4aa8-8dac-22fa53b6b42d","66f8c2c7-8c47-48f4-81da-37b3a76de4b6"
"9eb2cc7d-3067-4a02-acc7-45d42f84e805","140","eaf5988f-5d2f-4708-a9de-f3fa1c2abbb7","6039170d-212e-4258-8007-74c488159ecc"
"a0ea9c42-9533-43c6-afa9-97b15ab45a1b","331","8d85580d-3ba2-46f7-8136-c0f1e6d65ffb","57404411-3c67-44d0-a9e3-0a5c53dd8e7f"
 "a2f9b6db-bdba-4126-9c2a-183fe113683d","291","12c6bc8b-cbba-45fd-9f94-4827dc871a9b","bc062062-63c6-41d1-8f22-7aff3ae6fa5c"
"a40a7711-c3b2-4bc1-8e18-e53e492eb48b","316","afb4854a-fe98-4e18-a206-686909bc0793","c3cb0270-4b4b-4aef-8e80-0eb20c492e58"
"a4932328-a927-4de7-9fec-a29b8cc6f0d4","141","fc257651-f74f-42a4-a848-24a7f8d8084c","8316a803-4841-481e-bb0f-9389c21b9ed1"
"a539dc86-2da6-4e78-bf21-7cf60fa934e5","142","c68278ed-895c-4db7-be69-b1c5ac6a1153","fc3b1c48-c0e8-4bd1-89ca-5215151ce84b"
"a58f631c-ddd3-4b8c-8137-b6da6bbd59e1","143","de7fc7fd-7b61-4a99-b5eb-00017d8f65e2","8adacff8-2c44-4d2b-9832-875910f67ffc"
"a63cddf9-c185-4803-87ac-1e6e0ae4d4d3","144","cdf35830-07da-43f3-beb6-416c99401090","7ba4da97-fa7f-422f-83cb-5b396121eb4c"
"a6c5f390-2d87-4c7a-818a-1714c9c7daf0","381","164f2c71-5ade-4af3-b3db-7659385c049e","cd3dd33d-9a17-4c97-ac7b-b77cd49f9036"
"a7260b8a-4f42-4f54-b00b-214a8a70d391","337","4b9095a2-1386-41e0-98f8-842c5a7e321a","dec04a40-9543-407d-b72e-d75455b78ab9"
"a96fd978-eddb-4c82-ae8c-14688fa7c494","384","d1366bdb-19a4-4bde-8081-bc0bd425505a","1c8abfe5-7168-4aea-a02e-f6835b6baabe"
"aa107889-86d0-4a2c-804d-d2eed943a416","246","e1be07cc-c314-45d7-94ca-6a4bede4d6ed","39568980-5431-45e2-ac2d-d8677e95e8e2"
"acb52aaf-0c86-4109-a5c5-c6cbea689f42","145","e3fade1a-1120-4b72-bc32-5257afbfad59","5f7638bf-03fb-4b44-bafd-098bb59a981a"
"ae03c088-0c7c-43a3-88c1-7dd400f94550","146","e3fade1a-1120-4b72-bc32-5257afbfad59","35abb5b0-62a4-4a12-873e-85f33b517bff"
"ae18e4aa-a472-4215-91c3-01f6a0910a97","349","8712b833-9763-452a-82ae-d4c931ed17e6","6961a1f0-d736-4360-8f60-cafc2baf3ae0"
"ae84b6c0-2e83-4f5b-b230-d51959bf2680","336","4b9095a2-1386-41e0-98f8-842c5a7e321a","78b058c4-e71c-4f8b-9dae-36c08cfbff06"
"aeab6d6b-6e06-488a-aafa-b2f60f693ec2","377","974593b0-472b-43c5-bee7-2bcd57a6baf3","88d66fce-b6d0-4fb7-8088-886795bacb46"
"afb3326c-b87d-4e63-b246-b40dfb5c82b3","147","8e7b7d9a-fc05-4ff5-a01c-3d3e1c60712b","80bec52f-0c9e-4858-b5b5-d24b3f0ae173"
"b1764ef8-97c3-41b3-a838-337abcbaab65","148","4f2b4b46-a4dd-4a5e-bb56-abe35d44e0aa","264b51a1-4f52-4434-a086-2e1b64df3230"
"b48d2350-20bd-48ad-8247-22a4ea076327","241","5e2a0b73-a971-4750-bec8-2d8a438ebb77","3927fcc4-dc42-47a2-9b03-e74373301585"
"b4b5a8c1-4107-4117-becb-2978a9c4a851","248","e1be07cc-c314-45d7-94ca-6a4bede4d6ed","8754479c-511b-4ba7-8876-32c954fe7afb"
"b5834843-2b42-441a-970f-02be01c51ede","149","4f2b4b46-a4dd-4a5e-bb56-abe35d44e0aa","73e83869-61b1-4f80-b7f6-1500f6c81a70"
"b6605797-9347-4201-a6eb-8bfd1ba8e144","150","b1524518-8e52-4273-b073-3cd0b9c11601","8dec43d4-f39a-4cb8-98c3-96520cef4cc7"
"b7923640-b447-4a93-8d9c-f7c4d9eb9579","151","cf9531c7-8f5c-4d1e-a918-2769a358e8ba","79013fa4-540e-468e-9cfb-1ba476ef0225"
"b7b30fdc-8f43-4c0c-a8a5-dfc370ebc9ed","395","6d532c30-654f-4190-b4c2-35b09f72bc47","107595c9-2704-457b-a180-39eb591c8528"
"b838304e-3113-447b-9b1b-2d80373d7fce","313","7ec894be-d047-4469-8518-1df77b4212b7","d50bf9b6-4fd4-4490-895d-fc7e9e18b3c5"
"b9685d7c-34fa-4fb4-9b01-195cd9c7f187","278","3155b03d-3dda-4eb0-b338-67595beca146","851e97f4-a015-4851-a891-5755b5690c48"
"b97cd86c-a4e0-4472-be2b-c8ef03f0017b","405","3a0d708b-fb85-4915-9897-a82014c8a164","e92ee311-e877-49f3-84cd-3d4cf4552856"
"b9d6fa43-8f15-4f46-a79e-1d78b9f0c154","152","f53e3542-e884-4718-a530-580773816e58","be58de46-6bac-4d7d-9911-53b673b625ba"
"b9ede4fd-8c12-408e-84a9-30b108531209","153","b0d3df65-7aba-44dd-9576-e093c9bbe6a1","e16c698b-6479-40ef-ab9f-2e90abadae5c"
"b9eecfbd-beb8-4e8d-b4fe-7dd3dee6c748","154","4f2b4b46-a4dd-4a5e-bb56-abe35d44e0aa","e46028dc-bce7-479b-840a-d266700a13a7"
"ba0df655-48f0-4ae1-a4a9-abb8f4832bd6","155","84458a50-43fa-492b-8724-9175e9c3300b","c6275afb-d02c-4f57-b68b-354ca8171603"
"ba398b2b-e5fa-4810-bb04-f160760255f0","303","c4deba1f-c0a7-4bcb-a7ca-1ee35972610d","e7ed126c-a77c-487c-ba74-0a4e91b1726b"
"ba717214-d76b-46ae-897e-b5948ae27558","156","e3fade1a-1120-4b72-bc32-5257afbfad59","1c5596ab-4ab5-4327-895d-1fc8b1e01f05"
"bb1900db-7404-40ba-ac29-350e82760694","157","aa010a52-9d08-4482-910c-7a98344c83bf","db676a9f-91c7-477f-aa29-4f095498d556"
"bc5203c9-625c-4caa-bfa5-6f77caf11f12","158","4a32e810-62e8-4fa5-878b-382dd2e3e80a","41faa7e4-4cad-4da2-a102-a701703188a2"
"bd1b6f5a-71e2-45f7-9231-1e256a7fdace","159","8e7b7d9a-fc05-4ff5-a01c-3d3e1c60712b","a22937c2-f87e-4f9e-bf1a-23486c5a481e"
"bd412bbc-e72a-4ab1-b844-ef7343cb0843","160","fea8225a-1383-465f-b725-71742a5b06bc","9b8350b3-769c-44b5-8526-ff0565815180"
"bd940e52-f744-47d3-a2fe-850dc65c9ed9","161","7c32937a-b7f8-4170-86f7-50877a293bbe","299848d7-44db-489a-b7d7-e12ead269aa8"
"be085a8f-12c4-4ab3-97af-db07c3be7fc5","162","ead573bd-6c3e-4bed-bf3d-8900277a5f2b","a5d2bc3f-83a5-4e9f-bed1-49f86f6f89ad"
"bef3fac8-2c6f-4035-98a4-f9b82c90126d","163","50df593f-1c50-4ff9-8795-6893c4e3df53","9892d0e1-33eb-4cc7-baca-7bbfaa8b9fee"
"c0802c69-44e1-4e75-b9fe-e4adf775a2a9","164","f53e3542-e884-4718-a530-580773816e58","a1ed7441-9fcd-4466-b6e8-15b1450b1a86"
"c1bf783e-acc3-4fff-bdd9-e76d4ea32ab4","322","c763f786-02ca-4439-9eb8-70b9db59955f","e287b657-40ac-4927-ab95-9afba1659ce8"
"c45df02d-54be-4b8a-9de5-9dafd9e7f9ea","258","24a4730b-7aed-4343-8e8a-528c60933c6f","c84de4d9-e931-45e6-af2c-995b065ad6f6"
"c4af310e-b4c2-45d1-9bb2-2d834bc4fafb","275","3155b03d-3dda-4eb0-b338-67595beca146","006818c9-d5b1-400a-9e24-f07ff6eb8c64"
"c4ca4c57-4717-4220-8423-125517b6df9f","165","4eae5235-6c06-41fa-9797-bb8bcebd126e","bc3e98f0-de47-4098-b2f7-a2a33b2cddc4"
"c5703c98-d14f-4133-8d4b-2b6b4969bef9","326","486105a3-c97e-4df9-a109-3bd0e87b944d","0184b19e-d87b-4c1b-8e63-33261ddadbf4"
"c64f42f4-a981-4785-bc68-b25762599e46","166","9cfa0750-2090-405c-8165-185e808c9e7a","f5e9f78a-1093-481d-8db1-304ea52fed65"
"c6d8c941-c89f-48c6-ba35-c9c82539ea45","319","f2055ae1-9345-4761-8532-740c1dc301ee","3db8fe35-dd7f-4174-ba10-d9f8c0ecc074"
"c7c3cbf7-4efc-433c-a78e-9f613168e502","167","b50da4a5-8571-487d-a13a-3dcb6e55b50b","d6310949-dae2-407b-b5f8-6f1e569308c8"
"c7d45b33-3996-4a7a-a07c-2183964408d4","242","5e2a0b73-a971-4750-bec8-2d8a438ebb77","59b2b8e4-1af9-497b-a1a5-613b167c8bd9"
"c9279dc0-e0da-41f4-a64a-2ed4e8b4f4f2","168","08c16f4e-46b0-4262-9814-ff231493c6e8","efb85c62-1caa-4623-802b-9d8ea2408600"
"c9511f5d-25b8-4d4b-a6c7-c24add4d6a4c","169","196da891-1127-4790-b66a-41bcdcb90684","f3d0980a-5d00-4777-ac3f-16928266ce44"
"ca4c9ad8-eb16-4092-a1b2-6ffd4cc738c8","366","b3d23e1d-3560-4de8-abdd-6fd70ac22cec","41297b30-d47d-4b70-bd0f-ee2168349390"
"ca5d2adb-51d0-41b5-bd13-929c88dc8c22","390","941c90cb-a0a5-44fc-ab5e-5482518a5f2e","d788a572-3945-4649-98d7-af9844f50103"
"cbe0e8c1-5190-4302-80ad-482da46aa89e","170","b1524518-8e52-4273-b073-3cd0b9c11601","8ca9dc90-e438-41c2-90a4-fa548e473fed"
"cc6a2596-e46e-4bb2-81df-1a54cd1946b1","171","6f104cca-0fc1-4c15-92da-d5014c5dce31","aea5209f-1d62-44db-be9b-f7c66af020e8"
"ccadaac8-9bb5-4233-8609-21e8e6362f6f","172","08c16f4e-46b0-4262-9814-ff231493c6e8","2cf325fa-fa5e-4978-a577-f0d76e76670d"
"cd9bf90b-2ba3-413c-9d50-dec9bee11e4a","173","f3dc1551-a271-4be8-a188-cf8325c00298","03549bcd-398b-4ecf-8350-d324434f7e3d"
"cfcf2b1a-ca04-442e-94ad-93f1ddfb8430","406","3a0d708b-fb85-4915-9897-a82014c8a164","9cbc9c8e-64ab-479e-8caf-c2f8ee4bd3fc"
"d03a1aac-4a61-4cc9-ad10-2a2f3d690003","174","b1524518-8e52-4273-b073-3cd0b9c11601","4682e0c5-5bc4-49c1-bde0-063982c36715"
"d0f8b6de-08aa-4f3a-8c9f-8bef2fff5dc5","175","e3fade1a-1120-4b72-bc32-5257afbfad59","470d22be-a45a-46af-926d-ff2967d02716"
"d1d570cd-e28b-410c-8235-6dba11c747f7","255","4cbbedf7-279c-495b-a458-7a9185161535","81be7f71-8d8e-464e-95fb-1ea7732b2f90"
"d2e8619d-f3e7-4d0e-8a7c-508436a2dcd8","301","0ee9b1f1-066f-445f-9284-2a5c4d6e4fc0","f2e0154e-4651-4ae9-a4fe-1774adc66fda"
"d4504b78-3bf4-4b90-8d9f-f9ba0869c5d2","176","aa010a52-9d08-4482-910c-7a98344c83bf","e18921ce-c8bb-4038-9f9f-7d6538e8f46e"
"d5f3277d-7396-4872-8305-6578720e3b6f","177","2e25586b-e6d7-48f7-b15e-e6036f5a8a6f","06f0b540-1242-4672-a78d-0c5a252cbd47"
"d70d13e2-bce5-4e56-9d5f-6f0ae134ebb6","399","bfb91d07-6ddf-459d-b8b8-fde3d0eef667","eb8017a1-dd49-478f-9f44-c58e4fec6ac4"
"d7c820aa-d1e5-46b7-b909-5853ccda4258","178","87606413-3145-44a1-b948-0dca796ff22a","f79f2efa-0681-4583-9c78-f21878a31fbf"
"d802f3cb-dacd-40f5-a04c-1fc8a4670d9f","179","5fdd2c62-db07-4241-a165-7faf962473c7","e93aaa90-6564-4377-8e48-f6c044df6ff4"
 "d83ac09e-b5f7-46d8-86a9-64d347921fb2","180","f3dc1551-a271-4be8-a188-cf8325c00298","bba711e0-83d9-40ce-815f-f89f6062aaad"
"d8a5fd22-2253-4211-97da-f57b521efc35","181","369cbc06-966a-45fa-871a-80df2e6c7840","16051f41-4409-4821-bf3b-2557f9c2e12c"
"d9582643-d6ed-431e-a99b-a82cdf34d944","252","8d0eec19-4763-4b50-8d28-0397184cec9d","ec3be572-a17f-4163-97d5-a907b1b1b487"
"d97b35f3-ff11-4363-95c8-95ea08bb8bd4","182","9182632d-7be4-427d-a172-dcd8ea965aaa","ca2969a7-d31c-4fef-8dfe-7ad8a57447dd"
"dbd474f4-7dd5-4cc2-afcc-75990576c23e","355","8712b833-9763-452a-82ae-d4c931ed17e6","e7ed126c-a77c-487c-ba74-0a4e91b1726b"
"dc3eb055-8174-4166-940e-73fcb2f4a3cb","345","d7da000b-282b-4890-bad2-5feac0d2b97e","04ad14fe-2f13-4173-94d6-cc33cd2f12ea"
"dc5f0472-14e9-4c74-be1e-eddda402e8d0","183","94790b7f-8fe1-486f-81c0-c395a3c919ee","0df59ac4-4b2b-4b66-b3a1-525392c31fb5"
"dc8a5cd6-7d2c-4660-a5ad-c8a9ac606637","374","8712b833-9763-452a-82ae-d4c931ed17e6","d0c702ab-3a40-42d0-b01d-a33bcfbe4318"
"dd63a347-07ed-40a3-aeea-8ac1a66932c6","334","35f98228-a2c4-4d35-a4ee-2cecf0533274","e5d91773-69d8-42bd-83d1-128e90afa61c"
"dd7e6333-153d-4f7d-9b7e-fb5e1e7a5e2a","329","8d85580d-3ba2-46f7-8136-c0f1e6d65ffb","7681e086-6e16-46cb-be84-365b6680309f"
"dd83cd99-1009-4b76-a278-2121d5002845","247","e1be07cc-c314-45d7-94ca-6a4bede4d6ed","116aba92-ccb4-4114-8a80-c975792b4fea"
"df0399db-b36f-4748-afd5-6659b5cae3d7","282","36c74c97-f50f-41c5-b252-59ade3a97500","adcee7ef-ec9b-45b8-997d-a1be204bca25"
"df29083b-6859-4d7a-a7bc-bb43c253814d","394","6d532c30-654f-4190-b4c2-35b09f72bc47","8330f44c-9d5e-4d3f-8149-d210596f0ca1"
"dff2ec31-c4b3-4d4c-b3f3-bba716d65729","184","a96bc38f-7dbf-4d93-b897-708abb45218d","d2fecc83-0f16-4149-9a75-8c9723c62863"
"e00a6e14-e33b-46bd-ada2-0d1aac41d31b","185","b1524518-8e52-4273-b073-3cd0b9c11601","62efa25d-2d9e-48f7-977f-b8a83b1e8114"
"e011bd60-b58b-4ff2-8dc9-d57132543e8e","186","fda615b0-17fb-4dc7-b598-4b9aa3513b06","68f2a824-5070-42e6-b38a-25ad0012d5c7"
"e09b9356-62be-49dc-a1d7-39cc878b350a","279","bbf1a8eb-831e-4dc4-aafb-96e07a5dc99c","dd8beeb1-aec6-4559-9d2f-cc9139e32b74"
"e16231d7-9902-42a9-b911-ad3c438f6c27","187","37da11af-7701-4135-bd91-6de13d0b3409","84f5ebf7-54cd-489b-abd5-7b13e7140f80"
"e1b25a5b-8707-4bbb-a879-2597e2470942","307","196da891-1127-4790-b66a-41bcdcb90684","ddff87ed-80c6-4ba2-9694-7c17ff14ad8b"
"e1ed7b44-0cda-4e5c-8a71-ecef58bca134","392","9479118d-415b-4471-86b5-95567c5702c1","be856086-db06-4409-a10a-755a842c98f1"
"e25cac3b-5e85-4166-a72b-cc035d4a06de","397","288aa463-2c08-434e-93ed-e039c4069181","18269336-2902-43d0-a503-44e53d2f990f"
"e34dc8bb-f2b8-42df-9bef-f3e26e542a89","188","eaf5988f-5d2f-4708-a9de-f3fa1c2abbb7","0ae385f0-1298-4764-af3c-bb84b8d485f9"
"e38e349d-3a8c-4d95-afc3-65245015c783","189","ead573bd-6c3e-4bed-bf3d-8900277a5f2b","41c5051a-8ca8-4e0a-ad4c-82f11d1cdf39"
"e45ae2d9-14b5-4976-a3a7-b7b0496ae447","190","dd92a7a7-f661-4877-9275-0979145e5abd","5e852ecb-6633-4071-a841-1a5ae3f69179"
"e59a5fa5-5b65-431b-b3b9-6e9c5f12b21c","191","48a72800-c698-4931-8f77-c2ee8ea96d11","65616415-712c-445d-88aa-ffaac12b6905"
"e5cf49aa-3d07-4faa-8c3e-380be48ec1f8","404","3a0d708b-fb85-4915-9897-a82014c8a164","8429d61f-a85f-4d31-ad1a-dcb018bd9cb5"
"e5f0cf5d-9ee5-4833-a064-6869742054f6","192","7c32937a-b7f8-4170-86f7-50877a293bbe","ad09541a-abf8-4b4b-8353-dc2b1db15941"
"e6d35621-a0f9-4be4-93ea-75f4f8ae0e6a","193","b0d3df65-7aba-44dd-9576-e093c9bbe6a1","7a80d5f6-2c3f-4d57-901b-eab5ea60a0af"
"e6e5c923-f1d0-4ea5-9581-402a74b3cee5","194","a96bc38f-7dbf-4d93-b897-708abb45218d","d23e23e8-f1e9-4d2f-bdee-78eba4ad1ba9"
"e77694f4-20b8-421e-be89-a5c351ea47b5","287","12c6bc8b-cbba-45fd-9f94-4827dc871a9b","78d56def-363e-42c5-a7a0-3fdd7d73e111"
"e7f449c4-cbef-4408-b2d5-1ec616817612","421","80c890e9-ff81-4130-b56b-918371d2515a","40296bcc-aba6-43af-bc9f-2138e9235df6"
"e80b97cb-f6ac-4712-b3b6-40b58a76c491","195","196da891-1127-4790-b66a-41bcdcb90684","56fa1a7f-6077-49c6-b961-32c3d711d98e"
"e8cb3e73-7804-4baf-9609-f3e4b7e6c4a1","196","8e7b7d9a-fc05-4ff5-a01c-3d3e1c60712b","d7201f4d-7e47-429d-a2e7-16d97d8e3ac0"
"e96fd71e-9bfa-44fa-af2f-1c3cd636345f","197","c4deba1f-c0a7-4bcb-a7ca-1ee35972610d","1b1c8e54-53ab-4e32-9286-96332cd295bd"
"ea0402b2-c89a-4546-9e13-eb5c746ab539","243","5e2a0b73-a971-4750-bec8-2d8a438ebb77","be7a2305-a93a-4d98-bc3f-7ca6363d48f9"
"ea477313-ead6-4a93-b963-d46c1f167d48","198","4f2b4b46-a4dd-4a5e-bb56-abe35d44e0aa","a3b3c2ea-e3f9-430c-acef-3e6999db63fa"
"ea9d9170-dd8e-48c2-a919-1558aac64d2c","199","b1524518-8e52-4273-b073-3cd0b9c11601","bab6c2b7-497b-41b3-b4cc-00f533163806"
"eb3d136a-dcce-4dc4-ac81-6dec25581102","200","c68278ed-895c-4db7-be69-b1c5ac6a1153","bda32619-d4c4-4d28-936c-32b731fd16a3"
"eb97c7bc-c019-40d8-8470-20c17ce9b92f","338","4b9095a2-1386-41e0-98f8-842c5a7e321a","5b549efb-aa54-4a38-9ed8-1fc213cd0679"
"ec125c89-7615-41e1-88e8-2d98c5bb70dc","201","369cbc06-966a-45fa-871a-80df2e6c7840","08afc246-b6df-4d04-ab36-201a9d7ea954"
"ec1590b2-bc39-4554-a079-387ae021e8e0","202","ead573bd-6c3e-4bed-bf3d-8900277a5f2b","8f8911f3-9563-4f4f-bd94-f421ac925db7"
"ec919ce2-183c-427f-99c9-8a44edaf0acc","320","f2055ae1-9345-4761-8532-740c1dc301ee","ccf0aaf8-da09-42ef-a52f-9b5acbcd62ed"
"ecf80659-7629-4af4-b967-300e5bb2eda7","203","e5d410e7-db37-4d5b-a638-8ff84918d172","401ee720-69b8-4a2a-a3e4-272851907c25"
"ee91b203-623d-4e45-a41a-af180d147e65","267","36383f68-bb82-40da-bfc5-3d0efd3429c1","c48d78c2-a277-44c8-a17d-85f073b282f5"
"eead26c4-25d1-4b40-a30a-bfe151372aca","204","fda615b0-17fb-4dc7-b598-4b9aa3513b06","9484ee1e-8919-4eea-b609-78454e386879"
"eeb94de5-dd07-4c22-aef3-9832bf664fe9","304","196da891-1127-4790-b66a-41bcdcb90684","2a7175f3-74ab-4835-906f-c87ff082eff7"
"ef6e899a-521f-48a6-9dd7-38c172f7bd3c","205","f3dc1551-a271-4be8-a188-cf8325c00298","e673c330-c7a0-4117-85bd-bed4cd7a2976"
"efaa3efb-04e6-4d4d-b9cb-18624756ea89","422","80c890e9-ff81-4130-b56b-918371d2515a","36e2d73a-f856-4d09-b8c8-5b48fc085cc9"
"f0ecda58-fa95-4ede-8a10-c119f66df725","206","196da891-1127-4790-b66a-41bcdcb90684","738879c4-5328-44cd-88c3-17f5f47b2ae6"
"f190d26d-5ba5-4561-aff4-6c9ef99892ea","323","c763f786-02ca-4439-9eb8-70b9db59955f","ac1c281e-5963-4ce4-ad81-fd6f831b41ba"
"f1f3f0ab-3e4e-449d-82fa-a381878b31a6","207","e5d410e7-db37-4d5b-a638-8ff84918d172","f4d8c868-00d4-4fd0-8b83-24f12ca9204c"
"f22d64e1-6905-4f69-9bb3-6db6049de87f","208","0ba753bf-6783-4aa8-8dac-22fa53b6b42d","038cf188-48ed-4a23-a343-a2a0260c517a"
"f26b4fb1-308c-4550-9b7a-5114e5172749","209","8ab8e800-35cc-46bb-8506-241b1838799c","42c363ec-01af-46ea-ac90-d9ab6e6c9da4"
"f32fcc26-b811-4291-997f-94c3c6f189d3","210","cf9531c7-8f5c-4d1e-a918-2769a358e8ba","116438e0-2b43-4072-bcd9-51a6ce8da4ac"
"f38c8571-55ff-4128-ae24-8074ca306cab","211","7c32937a-b7f8-4170-86f7-50877a293bbe","7b365259-b885-45b4-aba0-d560f512edc5"
"f55940f0-46b4-4293-9421-a36ad090d0a6","212","87606413-3145-44a1-b948-0dca796ff22a","d13a33e8-ba1d-46fe-a866-0f19d91d4fb0"
"f5bee1bd-3933-46d5-9e22-9eb66871f22e","213","e7f18d6d-ad53-4444-9772-4b8f6648484e","eada1695-feb5-4d4e-bb54-6d4ca2d02866"
"f81cbffa-263d-4350-889e-ac208e91647b","350","8712b833-9763-452a-82ae-d4c931ed17e6","bb304415-6cb6-4218-afc4-cd9334445f7e"
"f8c6c967-991e-4ee1-a6cf-5aea59a1668e","214","ec93e2da-7198-49a0-b0b1-7c0cad4b30f6","dac95a2f-3f2d-4fe3-a6be-914f29b996aa"
"f92a8ce9-85f5-4680-87af-89ac6c3480e1","283","36c74c97-f50f-41c5-b252-59ade3a97500","3e97ab1d-3ea2-4174-b073-4b0844a3caee"
"f9f38ccc-7af5-4a33-b792-b47624876dc5","292","12c6bc8b-cbba-45fd-9f94-4827dc871a9b","659f8899-9ec3-454f-ac86-9ae10120ca8f"
"f9f7a9a8-2029-4b12-a67b-800ffa826d7c","215","84458a50-43fa-492b-8724-9175e9c3300b","cb570959-4c24-46ef-8520-44db8b3238f5"
"fa8ad4f0-a358-4749-8530-b5402e019f60","302","0ee9b1f1-066f-445f-9284-2a5c4d6e4fc0","0a92cb1f-856e-48f7-84dc-ee17e32509a1"
"faa1505b-3ef0-466a-b949-01325be81e6a","216","4a32e810-62e8-4fa5-878b-382dd2e3e80a","f2747041-3036-4e08-ab2b-4838a68f1bcb"
"fb39429c-2898-4552-bd36-25380ba5e621","315","afb4854a-fe98-4e18-a206-686909bc0793","6bd0cdd2-078e-4856-9a64-7c47a97bd3f2"
"fce36d5f-1fde-44f7-928b-b993b6f590e1","401","fbafb6df-9017-4351-aa68-3609a31c1c9b","9e368d0f-4157-43a1-b2dc-a867c5b942c9"
"fd600e5a-ecb2-4f20-8d4d-3c8c69d99f27","217","48a72800-c698-4931-8f77-c2ee8ea96d11","293ec425-66d4-4085-b92a-39f3a4529df3"
 "fdc30a48-2f6d-4256-b5cd-fd0ccf17391b","218","080f5707-63ab-431a-834a-ae0b6a50ca9b","32ea7e1e-f755-4987-af93-a0c256c945b3"
"fe05e345-eed2-434f-86a7-1c2b370a197f","219","c68278ed-895c-4db7-be69-b1c5ac6a1153","183a693a-c4a7-42cb-bf42-3f2ea1285c12"
"fe987ae3-cc2f-45bf-8186-9e59db5bc1a6","220","ea627f04-77e4-4589-83cd-661e41e6af9e","8c05afff-fdc8-40c8-9496-b69624dc227d"
"ff677248-4677-4922-9366-010e385125b1","221","3ec7d90a-8458-4599-a18e-a17aa5617747","e3767edc-42e0-4cdc-8409-f07b70bdd8f0"
 