UUID,SEQ,OLD_URL_ID,MAIN_TYPE,NAME,MEMO,CREATE_TIME,CREATOR,MODIFY_TIME,MODIFIER,SORT,DELETE_MARK,SPONSOR
"00b3148a-2f59-4fde-9690-774efefbcc67","334",\N,"64960945-4a8a-4bd7-a81c-0b43374cfa17","線上健檢",\N,"2015-01-12 14:11:54","3942155e-4ada-493b-aea6-a8dd00a52b33",\N,\N,"5","N",""
"0226c3ea-7452-4696-92fc-fe9ae63c362e","1","88","bde13056-8bb1-4b11-9992-031ecba6f6ac","回春抗老",\N,"2014-07-25 00:00:00","3942155e-4ada-493b-aea6-a8dd00a52b33",\N,\N,"3","N",\N
"030cda2c-f6e0-40e9-9b7a-02c32692f392","2",\N,"64960945-4a8a-4bd7-a81c-0b43374cfa17","保健知識家",\N,"2014-08-02 12:50:58","3942155e-4ada-493b-aea6-a8dd00a52b33",\N,\N,"2","N",""
"04f987a9-86e5-41d7-b063-72f8da89d6bf","301",\N,"1a5d9d94-3fbb-4b92-834c-19865a68b961","黑心油專區",\N,"2014-10-09 12:30:15","3942155e-4ada-493b-aea6-a8dd00a52b33","2014-10-09 12:30:22","3942155e-4ada-493b-aea6-a8dd00a52b33","1","Y",\N
"059fd503-67c4-4e95-8368-36878f65419c","3","23","e8d48dd1-5c43-55eb-b11b-3cc34f7c4732","牙科",\N,"2014-08-01 00:00:00","3942155e-4ada-493b-aea6-a8dd00a52b33",\N,\N,"23","N",""
"05b3defa-3238-4f13-b2d5-648c1919a9eb","4","14","e8d48dd1-5c43-55eb-b11b-3cc34f7c4732","免疫風濕科",\N,"2014-08-01 00:00:00","3942155e-4ada-493b-aea6-a8dd00a52b33",\N,\N,"14","N",""
"06ec27f6-fbba-4158-b83b-b546c79a7fd3","319",\N,"6be3e7bc-680b-4391-8dca-160296f031c6","中醫教你按對穴位",\N,"2014-12-16 12:13:06","cd3962b3-bb8c-4ed2-a391-68c2090eb52a","2015-02-13 01:03:02","cd3962b3-bb8c-4ed2-a391-68c2090eb52a","30","N",""
"073fe808-04b5-4e49-9946-02e824c05c41","430",\N,"1a5d9d94-3fbb-4b92-834c-19865a68b961","【食安有解】",\N,"2016-06-30 18:25:36","3942155e-4ada-493b-aea6-a8dd00a52b33","2016-07-06 17:24:22","3942155e-4ada-493b-aea6-a8dd00a52b33","1","N","http://www.commonhealth.com.tw/event/foodsafety/entro.html"
"080f5707-63ab-431a-834a-ae0b6a50ca9b","5","23","e8d48dd1-5c43-44eb-b11b-3cc34f7c4732","燒烤料理",\N,"2014-07-25 00:00:00","3942155e-4ada-493b-aea6-a8dd00a52b33",\N,\N,"71","N",""
"08c16f4e-46b0-4262-9814-ff231493c6e8","6","48","e8d48dd1-5c43-44eb-b11b-3cc34f7c4732","澱粉",\N,"2014-07-25 00:00:00","3942155e-4ada-493b-aea6-a8dd00a52b33",\N,\N,"91","N",""
"0995dac0-7be7-44c0-938c-0b683a92f02b","296",\N,"9e46cd51-127a-4969-b312-e872edb5776e","論壇現場精華",\N,"2014-09-14 10:34:33","3942155e-4ada-493b-aea6-a8dd00a52b33","2014-09-14 10:37:12","3942155e-4ada-493b-aea6-a8dd00a52b33","1","Y",""
"09a5f86d-c2c1-4cd3-a608-c3c9ebed1eeb","7",\N,"e4b21507-bf1e-403b-84f2-95920a93ad5a","親子天下Baby",\N,"2014-07-25 00:00:00","3942155e-4ada-493b-aea6-a8dd00a52b33",\N,\N,"55","N",\N
"09b890be-38df-4c12-a3c3-1cacc57c7e41","8","221","6414d615-2169-4744-ae5b-038ef7c3015a","醫療書選",\N,"2014-07-25 00:00:00","3942155e-4ada-493b-aea6-a8dd00a52b33",\N,\N,"7","Y",\N
"09c7d7f8-13a9-4635-a4a3-d3630e19c3c7","327",\N,"d6921fa8-3e7c-4017-9712-cb39ae4bb241","兩性話題",\N,"2014-12-25 20:37:32","3942155e-4ada-493b-aea6-a8dd00a52b33",\N,\N,"6","Y",""
"09d1b75a-6bc3-46a6-ba75-fce5fc61aec0","9",\N,"e4b21507-bf1e-403b-84f2-95920a93ad5a","大家說英語",\N,"2014-07-25 00:00:00","3942155e-4ada-493b-aea6-a8dd00a52b33",\N,\N,"25","N",\N
"0a7eefe4-487c-4998-8167-55159835efc8","10",\N,"508fdc78-1978-4b6e-8892-5f0bf4eade75","健康管理",\N,"2014-08-01 00:00:00","3942155e-4ada-493b-aea6-a8dd00a52b33",\N,\N,"51","N",\N
"0b52019a-bf03-4736-83d9-eb97428835c5","11","71","6414d615-2169-4744-ae5b-038ef7c3015a","健康新知",\N,"2014-07-25 00:00:00","3942155e-4ada-493b-aea6-a8dd00a52b33","2014-10-01 14:21:27","3942155e-4ada-493b-aea6-a8dd00a52b33","1","N",""
"0b55cc95-3f0b-4e4e-8f75-bf4e5aff44c2","12",\N,"508fdc78-1978-4b6e-8892-5f0bf4eade75","復健科",\N,"2014-08-01 00:00:00","3942155e-4ada-493b-aea6-a8dd00a52b33",\N,\N,"21","N",\N
"0b60e137-26c6-4721-af8f-02142e40b022","298",\N,"9e46cd51-127a-4969-b312-e872edb5776e","我們的老後",\N,"2014-09-14 10:38:11","3942155e-4ada-493b-aea6-a8dd00a52b33","2014-09-14 10:38:19","3942155e-4ada-493b-aea6-a8dd00a52b33","2","Y",""
"0ba753bf-6783-4aa8-8dac-22fa53b6b42d","13","8","e8d48dd1-5c43-44eb-b11b-3cc34f7c4732","巧克力",\N,"2014-07-25 00:00:00","3942155e-4ada-493b-aea6-a8dd00a52b33",\N,\N,"56","N",""
"0c60f7d2-ac13-43bb-9480-4a422793baf8","14",\N,"508fdc78-1978-4b6e-8892-5f0bf4eade75","牙科",\N,"2014-08-01 00:00:00","3942155e-4ada-493b-aea6-a8dd00a52b33",\N,\N,"26","N",\N
"0da171c2-a84e-4951-8a87-45e2c91c6e02","417",\N,"e4b21507-bf1e-403b-84f2-95920a93ad5a","Web only",\N,"2016-04-29 17:05:30","1d7a7a92-9358-47e7-80bd-a2427ffd10cc","2016-05-04 18:31:09","3942155e-4ada-493b-aea6-a8dd00a52b33","72","Y",\N
"0ee9b1f1-066f-445f-9284-2a5c4d6e4fc0","355",\N,"e8d48dd1-5c43-44eb-b11b-3cc34f7c4732","私房醬料",\N,"2015-03-30 13:56:57","16ba1363-e4e0-4087-a1e1-0a89792f4e68","2015-03-30 13:57:04","16ba1363-e4e0-4087-a1e1-0a89792f4e68","31","N",""
"0f985428-b66b-4f6c-8cf4-9bf2fe93bf7c","15",\N,"508fdc78-1978-4b6e-8892-5f0bf4eade75","食物營養",\N,"2014-08-01 00:00:00","3942155e-4ada-493b-aea6-a8dd00a52b33",\N,\N,"50","N",\N
"10b85526-37ba-49f0-a1c8-cacb32369bd5","16","5","362e7edb-066b-4200-8a10-97f55493272a","居家智慧",\N,"2014-07-25 00:00:00","3942155e-4ada-493b-aea6-a8dd00a52b33",\N,\N,"5","N",""
"11ae93ef-0ec2-4fd6-863f-b5fc1245ca6f","17",\N,"e4b21507-bf1e-403b-84f2-95920a93ad5a","中時樂活網",\N,"2014-07-25 00:00:00","3942155e-4ada-493b-aea6-a8dd00a52b33",\N,\N,"16","N",\N
"11b67bd8-e4c8-43fb-85a1-efbfa9895ae0","360",\N,"e8d48dd1-5c43-44eb-b11b-3cc34f7c4732","貴婦奈奈瘦身料理",\N,"2015-04-20 12:42:14","16ba1363-e4e0-4087-a1e1-0a89792f4e68","2015-04-20 12:42:33","16ba1363-e4e0-4087-a1e1-0a89792f4e68","30","N",""
"11d72dd1-f077-4b5d-a5ac-ba7c1aee576a","18",\N,"508fdc78-1978-4b6e-8892-5f0bf4eade75","一般內科",\N,"2014-08-01 00:00:00","3942155e-4ada-493b-aea6-a8dd00a52b33",\N,\N,"1","N",\N
"11df0cb8-9873-4f09-b691-5b6f428fd18e","19",\N,"e4b21507-bf1e-403b-84f2-95920a93ad5a","上下游News&market 新聞市集",\N,"2014-07-25 00:00:00","3942155e-4ada-493b-aea6-a8dd00a52b33",\N,\N,"15","N",\N
"1226d9c6-fa04-4538-97b2-2d0e2e64d241","20",\N,"508fdc78-1978-4b6e-8892-5f0bf4eade75","針灸科",\N,"2014-08-01 00:00:00","3942155e-4ada-493b-aea6-a8dd00a52b33",\N,\N,"36","N",\N
"12c6bc8b-cbba-45fd-9f94-4827dc871a9b","347",\N,"e8d48dd1-5c43-44eb-b11b-3cc34f7c4732","人氣部落客來上菜",\N,"2015-03-09 16:50:58","16ba1363-e4e0-4087-a1e1-0a89792f4e68","2015-03-09 16:51:12","16ba1363-e4e0-4087-a1e1-0a89792f4e68","33","N",""
"12f5532b-9827-426f-9a71-b330d6fca0a9","313",\N,"508fdc78-1978-4b6e-8892-5f0bf4eade75","急診",\N,"2014-10-31 16:11:06","3942155e-4ada-493b-aea6-a8dd00a52b33",\N,\N,"999","N",\N
"137aa44f-ca94-4e30-bece-beda5968ae69","21",\N,"e4b21507-bf1e-403b-84f2-95920a93ad5a","微笑台灣款款行",\N,"2014-07-25 00:00:00","3942155e-4ada-493b-aea6-a8dd00a52b33",\N,\N,"39","N",\N
"1388196f-8b98-4507-9654-9485029e86ed","22","2","c6f8aebd-a22e-4eaa-a313-95fdcbd9ed22","肝臟",\N,"2014-07-25 00:00:00","3942155e-4ada-493b-aea6-a8dd00a52b33",\N,\N,"2","N",""
"14b2307e-bc01-4524-9627-79a82b37384d","23","86","bde13056-8bb1-4b11-9992-031ecba6f6ac","美妝塑身",\N,"2014-07-25 00:00:00","3942155e-4ada-493b-aea6-a8dd00a52b33",\N,\N,"1","N",\N
"14cdd3f2-822b-4635-8df5-5cb1bb95111c","24","335","6414d615-2169-4744-ae5b-038ef7c3015a","康健大調查",\N,"2014-07-25 00:00:00","3942155e-4ada-493b-aea6-a8dd00a52b33",\N,\N,"7","N",\N
"1508ea92-3460-4d88-8603-fb4f80ece44a","25",\N,"e4b21507-bf1e-403b-84f2-95920a93ad5a","如何出版社",\N,"2014-07-25 00:00:00","3942155e-4ada-493b-aea6-a8dd00a52b33",\N,\N,"32","N",\N
"1516c4dc-bff6-408f-bb29-c96780783942","26","14","e8d48dd1-5c43-44eb-b11b-3cc34f7c4732","素食戀",\N,"2014-07-25 00:00:00","3942155e-4ada-493b-aea6-a8dd00a52b33",\N,\N,"62","N",""
"15f1f000-db0b-49cf-b6ee-88bbeef1ea28","27",\N,"e4b21507-bf1e-403b-84f2-95920a93ad5a","三采出版",\N,"2014-07-25 00:00:00","3942155e-4ada-493b-aea6-a8dd00a52b33",\N,\N,"14","N",\N
"163e7085-8614-4d70-8004-792574bba0ba","28",\N,"e4b21507-bf1e-403b-84f2-95920a93ad5a","2013年鳳凰財經峰會",\N,"2014-07-25 00:00:00","3942155e-4ada-493b-aea6-a8dd00a52b33",\N,\N,"1","N",\N
"164f2c71-5ade-4af3-b3db-7659385c049e","392",\N,"e8d48dd1-5c43-44eb-b11b-3cc34f7c4732","山藥　抗癌又抗老",\N,"2015-10-12 14:25:55","16ba1363-e4e0-4087-a1e1-0a89792f4e68","2015-10-12 14:26:42","16ba1363-e4e0-4087-a1e1-0a89792f4e68","14","N",""
 "17b89111-0000-4732-9d5a-36be9abf72fe","29",\N,"508fdc78-1978-4b6e-8892-5f0bf4eade75","放射科",\N,"2014-08-01 00:00:00","3942155e-4ada-493b-aea6-a8dd00a52b33",\N,\N,"49","N",\N
"184bca4e-84fd-4bf7-ae9e-feffb77c9c68","30","63","1a5d9d94-3fbb-4b92-834c-19865a68b961","六星級食材",\N,"2014-07-25 00:00:00","3942155e-4ada-493b-aea6-a8dd00a52b33",\N,\N,"5","N",\N
"185cf67e-b0e0-435e-b900-6742b367ac51","361",\N,"6be3e7bc-680b-4391-8dca-160296f031c6","創意居家裝飾",\N,"2015-04-24 09:56:24","16ba1363-e4e0-4087-a1e1-0a89792f4e68","2015-05-08 10:51:18","cd3962b3-bb8c-4ed2-a391-68c2090eb52a","19","N",""
"196da891-1127-4790-b66a-41bcdcb90684","31","45","e8d48dd1-5c43-44eb-b11b-3cc34f7c4732","零罪惡感手作點心",\N,"2014-07-25 00:00:00","3942155e-4ada-493b-aea6-a8dd00a52b33","2014-08-02 14:30:43","3942155e-4ada-493b-aea6-a8dd00a52b33","48","N",""
"1a33a023-f14e-41ec-b4af-90dbc226ae2e","32","95","4e434134-ef54-470c-bd7f-e3fda5d29993","大家來健走",\N,"2014-07-25 00:00:00","3942155e-4ada-493b-aea6-a8dd00a52b33",\N,\N,"4","N",\N
"1c31aea6-865c-4afc-9c4c-a08b099a9209","33",\N,"e4b21507-bf1e-403b-84f2-95920a93ad5a","廣告企劃製作",\N,"2014-07-25 00:00:00","3942155e-4ada-493b-aea6-a8dd00a52b33","2014-10-08 18:11:14","3942155e-4ada-493b-aea6-a8dd00a52b33","36","N",\N
"1cbead8b-8bf1-4029-b9e6-ce37df4fd421","34","4","e8d48dd1-5c43-55eb-b11b-3cc34f7c4732","胸腔科",\N,"2014-08-01 00:00:00","3942155e-4ada-493b-aea6-a8dd00a52b33",\N,\N,"4","N",""
"1d0f87da-7f7b-4229-a981-213a1f6bc092","318",\N,"6be3e7bc-680b-4391-8dca-160296f031c6","螺旋律動超簡單",\N,"2014-12-16 12:09:42","cd3962b3-bb8c-4ed2-a391-68c2090eb52a","2014-12-16 12:11:09","cd3962b3-bb8c-4ed2-a391-68c2090eb52a","39","N",""
"1e5533c9-3ede-4bb1-bd9f-c84dcb544c89","391",\N,"e8d48dd1-5c43-44eb-b11b-3cc34f7c4732","防癌蘿蔔料理",\N,"2015-10-05 17:23:14","16ba1363-e4e0-4087-a1e1-0a89792f4e68","2015-10-05 17:23:20","16ba1363-e4e0-4087-a1e1-0a89792f4e68","15","N",""
"1e984503-b535-427f-aa45-2ed76ef39ddb","35","64","1a5d9d94-3fbb-4b92-834c-19865a68b961","保健食品",\N,"2014-07-25 00:00:00","3942155e-4ada-493b-aea6-a8dd00a52b33",\N,\N,"6","N",\N
"1eea334c-4f04-4973-af9a-27eef5842f9a","36","68","6414d615-2169-4744-ae5b-038ef7c3015a","醫療迷思",\N,"2014-07-25 00:00:00","3942155e-4ada-493b-aea6-a8dd00a52b33",\N,\N,"3","N",\N
"1f1edf91-c980-40cf-8faf-37ceba447d28","349",\N,"c6f8aebd-a22e-4eaa-a313-95fdcbd9ed22","耳鼻喉",\N,"2015-03-13 16:47:16","3942155e-4ada-493b-aea6-a8dd00a52b33",\N,\N,"11","N",""
"1f9783ee-f207-47ee-bc8f-07cdf28d474c","37",\N,"e4b21507-bf1e-403b-84f2-95920a93ad5a","親子天下雜誌",\N,"2014-07-25 00:00:00","3942155e-4ada-493b-aea6-a8dd00a52b33",\N,\N,"57","N",\N
"1fd43f7d-0319-4e4a-912e-da79035f82b3","38",\N,"e4b21507-bf1e-403b-84f2-95920a93ad5a","Cheers雜誌",\N,"2014-07-25 00:00:00","3942155e-4ada-493b-aea6-a8dd00a52b33",\N,\N,"3","N",\N
"20263adb-d6a1-48bc-b3d2-152f0c9cc38d","39",\N,"508fdc78-1978-4b6e-8892-5f0bf4eade75","乳房外科",\N,"2014-08-01 00:00:00","3942155e-4ada-493b-aea6-a8dd00a52b33",\N,\N,"34","N",\N
"20c10522-f97d-4a6f-9da8-6b3695f823bc","336",\N,"6be3e7bc-680b-4391-8dca-160296f031c6","把衣櫃變大的魔法",\N,"2015-01-30 11:14:11","cd3962b3-bb8c-4ed2-a391-68c2090eb52a","2015-02-13 01:02:52","cd3962b3-bb8c-4ed2-a391-68c2090eb52a","29","N",""
"21c2d637-f63f-48c3-a474-6321a5efa8bb","40",\N,"e4b21507-bf1e-403b-84f2-95920a93ad5a","康健雜誌",\N,"2014-07-25 00:00:00","3942155e-4ada-493b-aea6-a8dd00a52b33",\N,\N,"35","N",\N
"23d36b93-1e15-4d85-bf44-3d9e1c1b04c2","41",\N,"508fdc78-1978-4b6e-8892-5f0bf4eade75","神經內科",\N,"2014-08-01 00:00:00","3942155e-4ada-493b-aea6-a8dd00a52b33",\N,\N,"3","N",\N
"24a4730b-7aed-4343-8e8a-528c60933c6f","312",\N,"e8d48dd1-5c43-44eb-b11b-3cc34f7c4732","抗失眠食譜",\N,"2014-11-03 13:55:31","cd3962b3-bb8c-4ed2-a391-68c2090eb52a","2014-11-03 13:56:13","cd3962b3-bb8c-4ed2-a391-68c2090eb52a","39","N",""
"25c2b5d7-c97c-475e-8e2b-510d45e1783a","394",\N,"6be3e7bc-680b-4391-8dca-160296f031c6","樂活小學堂",\N,"2015-11-26 15:35:55","16ba1363-e4e0-4087-a1e1-0a89792f4e68","2016-07-25 15:14:50","f7ffeb79-772d-4f77-badf-17878cc8c4fd","1","N",""
"26bcd752-878f-4c03-9283-fb1355147a67","42","9","c6f8aebd-a22e-4eaa-a313-95fdcbd9ed22","牙齒、口腔",\N,"2014-07-25 00:00:00","3942155e-4ada-493b-aea6-a8dd00a52b33",\N,\N,"9","N",""
"274494b5-8907-4c95-b3e2-101c79185f29","416",\N,"e4b21507-bf1e-403b-84f2-95920a93ad5a","采實文化",\N,"2016-04-08 14:35:17","16ba1363-e4e0-4087-a1e1-0a89792f4e68",\N,\N,"72","N",\N
"27f0afda-972b-486d-a084-5da522a038b3","43",\N,"e4b21507-bf1e-403b-84f2-95920a93ad5a","啟動文化",\N,"2014-07-25 00:00:00","3942155e-4ada-493b-aea6-a8dd00a52b33",\N,\N,"21","N",\N
"282cfe02-ec3e-42c6-a8e9-46c20726883c","340",\N,"6be3e7bc-680b-4391-8dca-160296f031c6","瑜伽提斯鬆肩頸",\N,"2015-02-06 01:36:20","cd3962b3-bb8c-4ed2-a391-68c2090eb52a","2015-02-13 01:03:29","cd3962b3-bb8c-4ed2-a391-68c2090eb52a","31","N",""
"28792098-0c13-493e-8d05-89dc48504ef0","310","5","8b7dec72-3f11-11e4-86d1-645a04590588","40000~50000",\N,"2014-10-29 16:41:06","3942155e-4ada-493b-aea6-a8dd00a52b33",\N,\N,"5","N",\N
"288aa463-2c08-434e-93ed-e039c4069181","422",\N,"e8d48dd1-5c43-44eb-b11b-3cc34f7c4732","感冒食療方",\N,"2016-05-23 12:57:22","1d7a7a92-9358-47e7-80bd-a2427ffd10cc","2016-05-23 12:57:33","1d7a7a92-9358-47e7-80bd-a2427ffd10cc","9","N",""
"28ceb3fd-3997-405a-ac97-b295a6807ad3","44","22","e8d48dd1-5c43-55eb-b11b-3cc34f7c4732","感染科",\N,"2014-08-01 00:00:00","3942155e-4ada-493b-aea6-a8dd00a52b33",\N,\N,"22","N",""
"29ed5e72-ca17-458c-a621-139605d2cf47","45",\N,"e4b21507-bf1e-403b-84f2-95920a93ad5a","天下雜誌出版",\N,"2014-07-25 00:00:00","3942155e-4ada-493b-aea6-a8dd00a52b33",\N,\N,"30","N",\N
"2a3e6490-438e-4bf0-ab89-cc548369f3b6","46",\N,"508fdc78-1978-4b6e-8892-5f0bf4eade75","皮膚科",\N,"2014-08-01 00:00:00","3942155e-4ada-493b-aea6-a8dd00a52b33",\N,\N,"23","N",\N
"2a62a1c5-8abd-4af8-aafe-e49da5ea41c3","47",\N,"e4b21507-bf1e-403b-84f2-95920a93ad5a","網友投稿",\N,"2014-07-25 00:00:00","3942155e-4ada-493b-aea6-a8dd00a52b33",\N,\N,"64","N",\N
"2de40070-71b3-4567-bbdf-a6e2ba4a6b9a","48",\N,"e4b21507-bf1e-403b-84f2-95920a93ad5a","聯合新聞網",\N,"2014-07-25 00:00:00","3942155e-4ada-493b-aea6-a8dd00a52b33",\N,\N,"53","N",\N
"2e25586b-e6d7-48f7-b15e-e6036f5a8a6f","49","24","e8d48dd1-5c43-44eb-b11b-3cc34f7c4732","熱量低又好吃",\N,"2014-07-25 00:00:00","3942155e-4ada-493b-aea6-a8dd00a52b33","2014-08-02 14:30:21","3942155e-4ada-493b-aea6-a8dd00a52b33","47","N",""
"2fa44c1e-b4ae-4419-9d9f-10526780fdf0","50",\N,"508fdc78-1978-4b6e-8892-5f0bf4eade75","兒童心智科",\N,"2014-08-01 00:00:00","3942155e-4ada-493b-aea6-a8dd00a52b33",\N,\N,"43","N",\N
"306da329-6364-4ef9-a166-a152e2938bef","431",\N,"e4b21507-bf1e-403b-84f2-95920a93ad5a","天下文化",\N,"2016-07-06 12:29:02","3942155e-4ada-493b-aea6-a8dd00a52b33",\N,\N,"77","N",\N
"30860c74-c7ce-41f2-8b14-917d9b420275","51","3","9363fec9-eaaf-4d45-9631-a0681454a3b5","創意料理",\N,"2014-07-25 00:00:00","3942155e-4ada-493b-aea6-a8dd00a52b33",\N,\N,"3","N",""
"308d92e8-c80a-40cf-a25f-c67852c7a7bc","52","9","e8d48dd1-5c43-55eb-b11b-3cc34f7c4732","精神/身心科",\N,"2014-08-01 00:00:00","3942155e-4ada-493b-aea6-a8dd00a52b33","2014-08-02 10:40:26","3942155e-4ada-493b-aea6-a8dd00a52b33","9","N",""
"31134bd5-1d0d-4d31-97d4-eda25c087678","53",\N,"508fdc78-1978-4b6e-8892-5f0bf4eade75","骨科",\N,"2014-08-01 00:00:00","3942155e-4ada-493b-aea6-a8dd00a52b33",\N,\N,"20","N",\N
"3155b03d-3dda-4eb0-b338-67595beca146","321",\N,"e8d48dd1-5c43-44eb-b11b-3cc34f7c4732","不發胖的爆漿甜點",\N,"2014-12-22 18:49:25","cd3962b3-bb8c-4ed2-a391-68c2090eb52a","2014-12-22 18:49:34","cd3962b3-bb8c-4ed2-a391-68c2090eb52a","37","N",""
"32451806-cc72-4d62-93e4-defbb80c8d1d","54",\N,"e4b21507-bf1e-403b-84f2-95920a93ad5a","台灣立報",\N,"2014-07-25 00:00:00","3942155e-4ada-493b-aea6-a8dd00a52b33",\N,\N,"20","N",\N
"32928a4a-1a48-4b81-a94e-a901fc9d8f4e","55",\N,"e4b21507-bf1e-403b-84f2-95920a93ad5a","大小創意",\N,"2014-07-25 00:00:00","3942155e-4ada-493b-aea6-a8dd00a52b33",\N,\N,"26","N",\N
"3335d336-7fbe-42d2-8f70-9b6a64c7027d","56","84","faa41bab-d67c-46f7-b3df-b2627062dba8","專欄",\N,"2014-07-25 00:00:00","3942155e-4ada-493b-aea6-a8dd00a52b33",\N,\N,"6","N",\N
 "334b1fed-4024-469f-b409-02ea30f99aaa","348",\N,"6be3e7bc-680b-4391-8dca-160296f031c6","養生氣功",\N,"2015-03-10 09:34:30","16ba1363-e4e0-4087-a1e1-0a89792f4e68","2015-03-10 09:34:40","16ba1363-e4e0-4087-a1e1-0a89792f4e68","1","Y",""
"35f55f18-7766-4296-8d93-3e16ed4a1530","405",\N,"uuid()","楊定一書房",\N,"2016-02-15 18:47:43","3942155e-4ada-493b-aea6-a8dd00a52b33",\N,\N,"2","N",""
"35f98228-a2c4-4d35-a4ee-2cecf0533274","375",\N,"e8d48dd1-5c43-44eb-b11b-3cc34f7c4732","輕甜冰淇淋DIY",\N,"2015-06-22 15:19:00","16ba1363-e4e0-4087-a1e1-0a89792f4e68","2015-06-22 15:19:05","16ba1363-e4e0-4087-a1e1-0a89792f4e68","22","N",""
"36383f68-bb82-40da-bfc5-3d0efd3429c1","315",\N,"e8d48dd1-5c43-44eb-b11b-3cc34f7c4732","來碗冷湯吧！",\N,"2014-12-01 16:43:29","cd3962b3-bb8c-4ed2-a391-68c2090eb52a","2014-12-01 17:11:57","cd3962b3-bb8c-4ed2-a391-68c2090eb52a","38","N",""
"36430ff1-5923-4119-9f0b-e20ee5897105","57",\N,"508fdc78-1978-4b6e-8892-5f0bf4eade75","針傷科",\N,"2014-08-01 00:00:00","3942155e-4ada-493b-aea6-a8dd00a52b33",\N,\N,"37","N",\N
"369cbc06-966a-45fa-871a-80df2e6c7840","58","35","e8d48dd1-5c43-44eb-b11b-3cc34f7c4732","地瓜",\N,"2014-07-25 00:00:00","3942155e-4ada-493b-aea6-a8dd00a52b33",\N,\N,"81","N",""
"36c74c97-f50f-41c5-b252-59ade3a97500","329",\N,"e8d48dd1-5c43-44eb-b11b-3cc34f7c4732","無奶高鈣料理",\N,"2015-01-05 17:13:05","cd3962b3-bb8c-4ed2-a391-68c2090eb52a","2015-01-05 17:13:12","cd3962b3-bb8c-4ed2-a391-68c2090eb52a","35","N",""
"3759fdc5-e2df-4369-b7ff-259decf64311","59",\N,"508fdc78-1978-4b6e-8892-5f0bf4eade75","泌尿科",\N,"2014-08-01 00:00:00","3942155e-4ada-493b-aea6-a8dd00a52b33",\N,\N,"8","N",\N
"37da11af-7701-4135-bd91-6de13d0b3409","60","47","e8d48dd1-5c43-44eb-b11b-3cc34f7c4732","柑橘",\N,"2014-07-25 00:00:00","3942155e-4ada-493b-aea6-a8dd00a52b33",\N,\N,"90","N",""
"39bd8510-b546-42b4-8717-309b23a0f747","61",\N,"508fdc78-1978-4b6e-8892-5f0bf4eade75","過敏免疫風濕科",\N,"2014-08-01 00:00:00","3942155e-4ada-493b-aea6-a8dd00a52b33",\N,\N,"40","N",\N
"39e70374-ddee-43ab-9ed8-c53c9973637f","62","3","362e7edb-066b-4200-8a10-97f55493272a","新食尚",\N,"2014-07-25 00:00:00","3942155e-4ada-493b-aea6-a8dd00a52b33",\N,\N,"3","N",""
"39f2cc53-b0a2-4445-a713-af2b2eba4098","63","252","4e434134-ef54-470c-bd7f-e3fda5d29993","@健康品牌館",\N,"2014-07-25 00:00:00","3942155e-4ada-493b-aea6-a8dd00a52b33","2014-09-19 12:02:20","3942155e-4ada-493b-aea6-a8dd00a52b33","7","Y","http://topic.commonhealth.com.tw/2014health/"
"3a0d708b-fb85-4915-9897-a82014c8a164","426",\N,"e8d48dd1-5c43-44eb-b11b-3cc34f7c4732","快樂麵食趴",\N,"2016-06-17 18:08:39","1d7a7a92-9358-47e7-80bd-a2427ffd10cc","2016-06-17 18:08:49","1d7a7a92-9358-47e7-80bd-a2427ffd10cc","6","N",""
"3af9d197-eb1f-429d-84c5-42228d1efb03","64","4","8e760f69-d51c-4597-8da3-234e301d66be","熟年人生",\N,"2014-07-25 00:00:00","3942155e-4ada-493b-aea6-a8dd00a52b33","2015-03-11 13:41:10","3942155e-4ada-493b-aea6-a8dd00a52b33","4","N",""
"3c295cdf-843a-4c4d-9de9-4d5d0d75744f","65","67","6414d615-2169-4744-ae5b-038ef7c3015a","身體百科",\N,"2014-07-25 00:00:00","3942155e-4ada-493b-aea6-a8dd00a52b33",\N,\N,"2","N",\N
"3c73e80b-40a6-43ac-b935-e1b4fdb90194","384",\N,"e4b21507-bf1e-403b-84f2-95920a93ad5a","康健出版",\N,"2015-08-12 14:02:06","3942155e-4ada-493b-aea6-a8dd00a52b33",\N,\N,"66","N",\N
"3d49a68e-7a43-46a1-b4bd-a8f4bc9e5746","316",\N,"6be3e7bc-680b-4391-8dca-160296f031c6","養腰活腿真輕鬆",\N,"2014-12-11 14:16:53","cd3962b3-bb8c-4ed2-a391-68c2090eb52a","2015-01-14 11:29:10","cd3962b3-bb8c-4ed2-a391-68c2090eb52a","40","N",""
"3dcce9e1-c854-44e9-8273-d1e24fa48cd8","66","2","7bd29fad-a840-45ab-b5d3-1febe0c209c7","破除迷思",\N,"2014-07-25 00:00:00","3942155e-4ada-493b-aea6-a8dd00a52b33",\N,\N,"2","N",""
"3e01bfc9-e9cc-4233-80b9-4f4c850486a6","428",\N,"e8d48dd1-5c43-44eb-b11b-3cc34f7c4732","健康輕斷食",\N,"2016-06-20 11:18:09","1d7a7a92-9358-47e7-80bd-a2427ffd10cc","2016-06-20 11:18:24","1d7a7a92-9358-47e7-80bd-a2427ffd10cc","5","N",""
"3e1ecf09-deda-4dd1-9f28-ba6c29377f37","67","98","4e434134-ef54-470c-bd7f-e3fda5d29993","專欄",\N,"2014-07-25 00:00:00","3942155e-4ada-493b-aea6-a8dd00a52b33",\N,\N,"7","N",\N
"3ec7d90a-8458-4599-a18e-a17aa5617747","68","33","e8d48dd1-5c43-44eb-b11b-3cc34f7c4732","夏季午後點心",\N,"2014-07-25 00:00:00","3942155e-4ada-493b-aea6-a8dd00a52b33","2014-08-02 14:27:17","3942155e-4ada-493b-aea6-a8dd00a52b33","45","N",""
"40b37fab-cf48-4402-bc16-a72da553468e","69","70","6414d615-2169-4744-ae5b-038ef7c3015a","失眠",\N,"2014-07-25 00:00:00","3942155e-4ada-493b-aea6-a8dd00a52b33",\N,\N,"5","N",\N
"42dbd32e-5fae-4913-b095-73927cdf66f2","70","2","e8d48dd1-5c43-55eb-b11b-3cc34f7c4732","耳鼻喉科",\N,"2014-08-01 00:00:00","3942155e-4ada-493b-aea6-a8dd00a52b33","2015-11-24 13:24:22","3942155e-4ada-493b-aea6-a8dd00a52b33","1","N",""
"42e7c78b-cf06-4d6c-b77f-58243c8356cb","71","255","6414d615-2169-4744-ae5b-038ef7c3015a","影音",\N,"2014-07-25 00:00:00","3942155e-4ada-493b-aea6-a8dd00a52b33",\N,\N,"10","Y",\N
"43bce9f1-c258-4eae-b902-26dad0232e82","338",\N,"6be3e7bc-680b-4391-8dca-160296f031c6","低碳餐，集合！",\N,"2015-02-06 01:29:27","cd3962b3-bb8c-4ed2-a391-68c2090eb52a","2015-02-06 01:29:37","cd3962b3-bb8c-4ed2-a391-68c2090eb52a","33","N",""
"442698b2-c8bb-4cfa-baa4-6c782d5b1c42","72","94","4e434134-ef54-470c-bd7f-e3fda5d29993","樂活旅遊",\N,"2014-07-25 00:00:00","3942155e-4ada-493b-aea6-a8dd00a52b33",\N,\N,"3","N",\N
"44d19ff2-8463-41a8-a833-51027fd3bd99","376",\N,"6be3e7bc-680b-4391-8dca-160296f031c6","王明勇的養生祕密",\N,"2015-07-03 10:59:47","16ba1363-e4e0-4087-a1e1-0a89792f4e68","2015-07-03 11:00:21","16ba1363-e4e0-4087-a1e1-0a89792f4e68","14","N",""
"44dbac61-e266-438a-9a37-81b6c17b14bb","73","6","9363fec9-eaaf-4d45-9631-a0681454a3b5","早餐/甜點/醬汁",\N,"2014-07-25 00:00:00","3942155e-4ada-493b-aea6-a8dd00a52b33",\N,\N,"6","N",""
"452f080b-33c3-47c4-b90c-f942e3cc0ff4","74","2","e8d48dd1-5c43-44eb-b11b-3cc34f7c4732","國寶中醫私房菜",\N,"2014-07-25 00:00:00","3942155e-4ada-493b-aea6-a8dd00a52b33",\N,\N,"50","N",""
"47d723d2-6e43-4e21-bf51-4dc128f16a56","75",\N,"e4b21507-bf1e-403b-84f2-95920a93ad5a","專刊",\N,"2014-07-25 00:00:00","3942155e-4ada-493b-aea6-a8dd00a52b33",\N,\N,"34","N",\N
"484d3555-98d6-4992-a93a-415a7009eeff","76",\N,"e4b21507-bf1e-403b-84f2-95920a93ad5a","新北市國小品德教育影片",\N,"2014-07-25 00:00:00","3942155e-4ada-493b-aea6-a8dd00a52b33",\N,\N,"43","N",\N
"486105a3-c97e-4df9-a109-3bd0e87b944d","369",\N,"e8d48dd1-5c43-44eb-b11b-3cc34f7c4732","「罐沙拉」炫風！",\N,"2015-05-25 11:20:51","16ba1363-e4e0-4087-a1e1-0a89792f4e68","2015-05-25 11:27:52","16ba1363-e4e0-4087-a1e1-0a89792f4e68","24","N",""
"4884649c-98df-409d-9675-0be2a265f4ae","77","7","c6f8aebd-a22e-4eaa-a313-95fdcbd9ed22","骨、關節",\N,"2014-07-25 00:00:00","3942155e-4ada-493b-aea6-a8dd00a52b33",\N,\N,"7","N",""
"48a72800-c698-4931-8f77-c2ee8ea96d11","78","34","e8d48dd1-5c43-44eb-b11b-3cc34f7c4732","排毒",\N,"2014-07-25 00:00:00","3942155e-4ada-493b-aea6-a8dd00a52b33",\N,\N,"80","N",""
"48e48fab-0410-4792-a1e2-27fe9b285fad","368",\N,"6be3e7bc-680b-4391-8dca-160296f031c6","醫生教你戒疼痛！",\N,"2015-05-25 10:14:04","16ba1363-e4e0-4087-a1e1-0a89792f4e68","2015-07-10 11:36:00","cd3962b3-bb8c-4ed2-a391-68c2090eb52a","9","N",""
"48f22eec-1a77-454c-aa1c-0daff70c4c0f","295",\N,"9e46cd51-127a-4969-b312-e872edb5776e","Dr.南雲系列",\N,"2014-09-14 10:19:55","3942155e-4ada-493b-aea6-a8dd00a52b33",\N,\N,"3","Y",""
"493d44cf-2365-4a73-875f-869d64ed35f9","79","1","7bd29fad-a840-45ab-b5d3-1febe0c209c7","健康享瘦",\N,"2014-07-25 00:00:00","3942155e-4ada-493b-aea6-a8dd00a52b33",\N,\N,"1","N",""
"4a32e810-62e8-4fa5-878b-382dd2e3e80a","80","19","e8d48dd1-5c43-44eb-b11b-3cc34f7c4732","元氣粥",\N,"2014-07-25 00:00:00","3942155e-4ada-493b-aea6-a8dd00a52b33",\N,\N,"67","N",""
"4aed7cac-ba3f-477b-9624-6dd49ce6b4a3","81","77","877839b7-358d-47d8-b705-763c8c978f30","成功教養",\N,"2014-07-25 00:00:00","3942155e-4ada-493b-aea6-a8dd00a52b33",\N,\N,"5","N",\N
"4b6b8adf-4652-4b84-ac55-ecf84445d398","82",\N,"64960945-4a8a-4bd7-a81c-0b43374cfa17","正確瘦觀念",\N,"2014-08-02 12:51:03","3942155e-4ada-493b-aea6-a8dd00a52b33",\N,\N,"3","N",""
 "4b9095a2-1386-41e0-98f8-842c5a7e321a","377",\N,"e8d48dd1-5c43-44eb-b11b-3cc34f7c4732","私房養心料理",\N,"2015-07-06 14:16:48","16ba1363-e4e0-4087-a1e1-0a89792f4e68","2015-07-06 14:17:02","16ba1363-e4e0-4087-a1e1-0a89792f4e68","21","N",""
"4b9c8caa-b240-4fe6-b237-ba8a1fab3ea9","83",\N,"e4b21507-bf1e-403b-84f2-95920a93ad5a","大田出版",\N,"2014-07-25 00:00:00","3942155e-4ada-493b-aea6-a8dd00a52b33",\N,\N,"27","N",\N
"4c3d2558-2d87-4cda-ab0c-071add00ffae","84","1","6be3e7bc-680b-4391-8dca-160296f031c6","照顧我們所愛的人",\N,"2014-07-25 00:00:00","3942155e-4ada-493b-aea6-a8dd00a52b33",\N,\N,"42","N",""
"4cbbedf7-279c-495b-a458-7a9185161535","305",\N,"e8d48dd1-5c43-44eb-b11b-3cc34f7c4732","養顏美容─酪梨！",\N,"2014-10-27 19:14:43","cd3962b3-bb8c-4ed2-a391-68c2090eb52a","2014-10-27 19:15:31","cd3962b3-bb8c-4ed2-a391-68c2090eb52a","40","N",""
"4d396d82-1c44-43ce-a7ae-288864f01d1c","85","6","e8d48dd1-5c43-55eb-b11b-3cc34f7c4732","泌尿科",\N,"2014-08-01 00:00:00","3942155e-4ada-493b-aea6-a8dd00a52b33",\N,\N,"6","N",""
"4d3f6c12-3f32-404a-b313-0ed2b3a63421","366",\N,"faa41bab-d67c-46f7-b3df-b2627062dba8","懷孕&生產",\N,"2015-05-15 18:04:46","3942155e-4ada-493b-aea6-a8dd00a52b33","2015-05-15 18:05:07","3942155e-4ada-493b-aea6-a8dd00a52b33","3","N",""
"4e31155d-b5e9-4f46-a449-26936edcad51","86","18","e8d48dd1-5c43-55eb-b11b-3cc34f7c4732","中醫",\N,"2014-08-01 00:00:00","3942155e-4ada-493b-aea6-a8dd00a52b33",\N,\N,"18","N",""
"4eae5235-6c06-41fa-9797-bb8bcebd126e","87","44","e8d48dd1-5c43-44eb-b11b-3cc34f7c4732","燉鍋料理",\N,"2014-07-25 00:00:00","3942155e-4ada-493b-aea6-a8dd00a52b33",\N,\N,"89","N",""
"4ec748ae-acea-40ea-b1ed-deb6998f768b","88",\N,"e4b21507-bf1e-403b-84f2-95920a93ad5a","親子天下專特刊",\N,"2014-07-25 00:00:00","3942155e-4ada-493b-aea6-a8dd00a52b33",\N,\N,"56","N",\N
"4f100871-cd70-475a-903d-4c5b175ff0f5","330",\N,"e4b21507-bf1e-403b-84f2-95920a93ad5a","贊助企劃報導",\N,"2015-01-08 16:53:55","cd3962b3-bb8c-4ed2-a391-68c2090eb52a",\N,\N,"65","N",\N
"4f2b4b46-a4dd-4a5e-bb56-abe35d44e0aa","89","17","e8d48dd1-5c43-44eb-b11b-3cc34f7c4732","顧胃好料理",\N,"2014-07-25 00:00:00","3942155e-4ada-493b-aea6-a8dd00a52b33",\N,\N,"65","N",""
"509646f5-f8f9-4352-ab7e-f82ca70b9673","419",\N,"e4b21507-bf1e-403b-84f2-95920a93ad5a","平安文化有限公司",\N,"2016-05-11 14:36:57","f7ffeb79-772d-4f77-badf-17878cc8c4fd",\N,\N,"73","N",\N
"50df593f-1c50-4ff9-8795-6893c4e3df53","90","4","e8d48dd1-5c43-44eb-b11b-3cc34f7c4732","開胃梅子料理",\N,"2014-07-25 00:00:00","3942155e-4ada-493b-aea6-a8dd00a52b33",\N,\N,"52","N",""
"51547e09-6f23-4e83-947d-18a3e7b0c2ba","91","97","4e434134-ef54-470c-bd7f-e3fda5d29993","運動休閒",\N,"2014-07-25 00:00:00","3942155e-4ada-493b-aea6-a8dd00a52b33",\N,\N,"6","N",\N
"52f9696b-5e08-4b26-8312-64233cad26a5","92",\N,"508fdc78-1978-4b6e-8892-5f0bf4eade75","疼痛科",\N,"2014-08-01 00:00:00","3942155e-4ada-493b-aea6-a8dd00a52b33",\N,\N,"48","N",\N
"531b30f0-99b2-4aa3-825e-2c2d504542c3","432",\N,"e8d48dd1-5c43-44eb-b11b-3cc34f7c4732","排毒蔬菜湯",\N,"2016-07-11 11:08:16","1d7a7a92-9358-47e7-80bd-a2427ffd10cc","2016-07-11 11:08:26","1d7a7a92-9358-47e7-80bd-a2427ffd10cc","3","N",""
"53c8069a-b81c-4e0e-adf1-c33952d35212","294",\N,"1a5d9d94-3fbb-4b92-834c-19865a68b961","認識「有機」專區",\N,"2014-09-07 18:31:09","3942155e-4ada-493b-aea6-a8dd00a52b33","2014-10-06 16:31:46","3942155e-4ada-493b-aea6-a8dd00a52b33","2","Y",""
"5473ff42-f0a5-4ea8-854d-b6d119e4ac10","93",\N,"508fdc78-1978-4b6e-8892-5f0bf4eade75","青少年門診",\N,"2014-08-01 00:00:00","3942155e-4ada-493b-aea6-a8dd00a52b33",\N,\N,"44","N",\N
"54f10dc1-eb39-480d-a6dc-7e8aa392114f","94","61","1a5d9d94-3fbb-4b92-834c-19865a68b961","嚴選餐廳",\N,"2014-07-25 00:00:00","3942155e-4ada-493b-aea6-a8dd00a52b33",\N,\N,"3","N",\N
"566606e9-38f4-49cb-a634-603118aed2bb","95",\N,"e4b21507-bf1e-403b-84f2-95920a93ad5a","贊助",\N,"2014-07-25 00:00:00","3942155e-4ada-493b-aea6-a8dd00a52b33",\N,\N,"59","N",\N
"5978d868-8565-4b68-a2cc-a31af169dad7","96","76","877839b7-358d-47d8-b705-763c8c978f30","照顧父母",\N,"2014-07-25 00:00:00","3942155e-4ada-493b-aea6-a8dd00a52b33",\N,\N,"4","N",\N
"5997a335-8175-4754-a63b-81708cca8f65","97","1","9363fec9-eaaf-4d45-9631-a0681454a3b5","夏輕盈透心涼",\N,"2014-07-25 00:00:00","3942155e-4ada-493b-aea6-a8dd00a52b33",\N,\N,"1","N",""
"59b92252-b0fe-4b7c-bd60-39dfa5710e63","98",\N,"508fdc78-1978-4b6e-8892-5f0bf4eade75","中醫",\N,"2014-08-01 00:00:00","3942155e-4ada-493b-aea6-a8dd00a52b33",\N,\N,"35","N",\N
"5ad4e5bd-09ca-4c7b-9a90-0c3945cbb747","99","6","c6f8aebd-a22e-4eaa-a313-95fdcbd9ed22","婦科",\N,"2014-07-25 00:00:00","3942155e-4ada-493b-aea6-a8dd00a52b33",\N,\N,"6","N",""
"5ae6a660-46ca-4aaf-b1ae-87442a43eb5a","100","1","362e7edb-066b-4200-8a10-97f55493272a","生活保健",\N,"2014-07-25 00:00:00","3942155e-4ada-493b-aea6-a8dd00a52b33",\N,\N,"1","N",""
"5d148d71-30e7-4fb8-ba97-fc4b74417a54","342",\N,"6be3e7bc-680b-4391-8dca-160296f031c6","清潔神物─小蘇打",\N,"2015-02-25 01:55:16","cd3962b3-bb8c-4ed2-a391-68c2090eb52a","2015-12-05 01:49:00","cd3962b3-bb8c-4ed2-a391-68c2090eb52a","10","N",""
"5e2a0b73-a971-4750-bec8-2d8a438ebb77","302",\N,"e8d48dd1-5c43-44eb-b11b-3cc34f7c4732","預防骨鬆吃洋蔥",\N,"2014-10-13 14:04:25","cd3962b3-bb8c-4ed2-a391-68c2090eb52a","2014-10-13 14:04:40","cd3962b3-bb8c-4ed2-a391-68c2090eb52a","43","N",\N
"5e3180b6-47ba-47d7-943b-42cb9fe38026","354",\N,"6be3e7bc-680b-4391-8dca-160296f031c6","食材保鮮小撇步",\N,"2015-03-25 10:04:03","16ba1363-e4e0-4087-a1e1-0a89792f4e68","2015-12-05 01:48:25","cd3962b3-bb8c-4ed2-a391-68c2090eb52a","7","N",""
"5f8dc260-4570-45a8-ab91-1255097da919","101","65","1a5d9d94-3fbb-4b92-834c-19865a68b961","專欄",\N,"2014-07-25 00:00:00","3942155e-4ada-493b-aea6-a8dd00a52b33",\N,\N,"7","N",\N
"5fdd2c62-db07-4241-a165-7faf962473c7","102","13","e8d48dd1-5c43-44eb-b11b-3cc34f7c4732","好消化零負擔",\N,"2014-07-25 00:00:00","3942155e-4ada-493b-aea6-a8dd00a52b33",\N,\N,"61","N",""
"602b984c-9ae6-467b-b1e8-74f2fe3c8dff","420",\N,"e4b21507-bf1e-403b-84f2-95920a93ad5a","晨星出版",\N,"2016-05-12 15:49:22","f7ffeb79-772d-4f77-badf-17878cc8c4fd",\N,\N,"74","N",\N
"603ef05c-6925-4ff7-9975-81879d5f59a7","423",\N,"e4b21507-bf1e-403b-84f2-95920a93ad5a","康健整合傳播",\N,"2016-05-24 16:50:24","6ce8cf52-5d93-4866-8d0b-00bc745d982b",\N,\N,"75","N",\N
"60e644c8-49dc-4ba4-8b29-4b3b33104fbc","103",\N,"e4b21507-bf1e-403b-84f2-95920a93ad5a","天下雜誌教育特刊",\N,"2014-07-25 00:00:00","3942155e-4ada-493b-aea6-a8dd00a52b33",\N,\N,"31","N",\N
"6109140c-73ca-428d-8823-552f4a121b5c","104",\N,"508fdc78-1978-4b6e-8892-5f0bf4eade75","感染科",\N,"2014-08-01 00:00:00","3942155e-4ada-493b-aea6-a8dd00a52b33",\N,\N,"13","N",\N
"620ea9c8-b333-41c3-b9c9-919954117747","311","6","8b7dec72-3f11-11e4-86d1-645a04590588","50000~以上",\N,"2014-10-29 16:41:06","3942155e-4ada-493b-aea6-a8dd00a52b33",\N,\N,"6","N",\N
"624dc6fa-cca6-4dfa-9fc8-03e7451ac80a","105",\N,"e4b21507-bf1e-403b-84f2-95920a93ad5a","媒體素養教育推廣計畫",\N,"2014-07-25 00:00:00","3942155e-4ada-493b-aea6-a8dd00a52b33",\N,\N,"33","N",\N
"6332852d-aec4-4d3e-a392-20888b2d1a39","106",\N,"64960945-4a8a-4bd7-a81c-0b43374cfa17","營養迷思",\N,"2014-08-02 12:50:53","3942155e-4ada-493b-aea6-a8dd00a52b33",\N,\N,"1","N",""
"63a7ad81-2b23-44e0-bbbb-28010e2a93ab","107","6","6be3e7bc-680b-4391-8dca-160296f031c6","香草療癒",\N,"2014-07-25 00:00:00","3942155e-4ada-493b-aea6-a8dd00a52b33",\N,\N,"46","N",""
"64917f9b-191a-48db-a21e-0733fbf26d5a","108",\N,"508fdc78-1978-4b6e-8892-5f0bf4eade75","胸腔內科",\N,"2014-08-01 00:00:00","3942155e-4ada-493b-aea6-a8dd00a52b33",\N,\N,"11","N",\N
"64d571bc-57ff-4e86-a1fe-fd7fe339029c","109","4","9363fec9-eaaf-4d45-9631-a0681454a3b5","中式料理",\N,"2014-07-25 00:00:00","3942155e-4ada-493b-aea6-a8dd00a52b33",\N,\N,"4","N",""
"65156252-f987-4338-b560-02bd552e5f8c","110",\N,"e4b21507-bf1e-403b-84f2-95920a93ad5a","ㄇㄞˋ點子",\N,"2014-07-25 00:00:00","3942155e-4ada-493b-aea6-a8dd00a52b33",\N,\N,"13","N",\N
"6666deff-4180-4b4f-85ea-b50d49a80588","111",\N,"e4b21507-bf1e-403b-84f2-95920a93ad5a","台灣環境資訊協會",\N,"2014-07-25 00:00:00","3942155e-4ada-493b-aea6-a8dd00a52b33",\N,\N,"19","N",\N
 "67546dd6-07af-4f16-936c-ff9b7a73a07a","112",\N,"e4b21507-bf1e-403b-84f2-95920a93ad5a","Babyou姊妹淘",\N,"2014-07-25 00:00:00","3942155e-4ada-493b-aea6-a8dd00a52b33",\N,\N,"2","N",\N
"67e40af2-049b-4198-b8cd-807ed701df04","113",\N,"e4b21507-bf1e-403b-84f2-95920a93ad5a","天下雜誌 親子教育出版",\N,"2014-07-25 00:00:00","3942155e-4ada-493b-aea6-a8dd00a52b33",\N,\N,"29","N",\N
"680eeac0-3d60-4bf1-b2bb-617ebdc0db60","411",\N,"e4b21507-bf1e-403b-84f2-95920a93ad5a","整合傳播企劃",\N,"2016-03-04 14:41:56","ab97bc4d-f8df-4760-a9d5-497f5680302e",\N,\N,"70","N",\N
"69189f9c-9414-4211-a741-390b4e98f34e","397",\N,"cfc7aea1-681e-4e04-b25e-621b569ee1d9","自律神經失調",\N,"2015-12-04 18:34:40","3942155e-4ada-493b-aea6-a8dd00a52b33",\N,\N,"2","N",""
"692c6f6c-65b1-40f6-8fc4-0b21c0b038e3","114",\N,"508fdc78-1978-4b6e-8892-5f0bf4eade75","神經外科",\N,"2014-08-01 00:00:00","3942155e-4ada-493b-aea6-a8dd00a52b33",\N,\N,"15","N",\N
"6ab97149-7283-4540-a81d-d54d94d21f30","115","9","6be3e7bc-680b-4391-8dca-160296f031c6","健康減重",\N,"2014-07-25 00:00:00","3942155e-4ada-493b-aea6-a8dd00a52b33",\N,\N,"41","N",""
"6b8a473f-c464-4017-aa1f-44dcdd845d7f","116","7","e8d48dd1-5c43-55eb-b11b-3cc34f7c4732","一般婦產科",\N,"2014-08-01 00:00:00","3942155e-4ada-493b-aea6-a8dd00a52b33",\N,\N,"7","N",""
"6b90d0b5-336e-42db-99f9-044a4f9a2f44","117","5","e8d48dd1-5c43-55eb-b11b-3cc34f7c4732","肝膽胃腸科",\N,"2014-08-01 00:00:00","3942155e-4ada-493b-aea6-a8dd00a52b33",\N,\N,"5","N",""
"6cd8b3c5-1126-4563-b93e-7c2eca4c3818","118",\N,"e4b21507-bf1e-403b-84f2-95920a93ad5a","凱特文化",\N,"2014-07-25 00:00:00","3942155e-4ada-493b-aea6-a8dd00a52b33",\N,\N,"18","N",\N
"6d4a6871-6102-4a42-bff4-775f33389975","407",\N,"uuid()","中醫系列",\N,"2016-02-15 18:53:11","3942155e-4ada-493b-aea6-a8dd00a52b33",\N,\N,"4","N",""
"6d532c30-654f-4190-b4c2-35b09f72bc47","421",\N,"e8d48dd1-5c43-44eb-b11b-3cc34f7c4732","抗疲勞特效食譜",\N,"2016-05-23 11:05:33","1d7a7a92-9358-47e7-80bd-a2427ffd10cc","2016-05-23 11:05:42","1d7a7a92-9358-47e7-80bd-a2427ffd10cc","10","N",""
"6d9b6f85-952e-4c62-9ff6-c060aa567580","119",\N,"e4b21507-bf1e-403b-84f2-95920a93ad5a","方智出版",\N,"2014-07-25 00:00:00","3942155e-4ada-493b-aea6-a8dd00a52b33",\N,\N,"44","N",\N
"6dfc5155-89eb-4702-aa2c-f28b8e3368e1","357",\N,"6be3e7bc-680b-4391-8dca-160296f031c6","在家開伙輕鬆瘦",\N,"2015-04-01 09:57:32","16ba1363-e4e0-4087-a1e1-0a89792f4e68","2015-04-01 09:57:49","16ba1363-e4e0-4087-a1e1-0a89792f4e68","25","N",""
"6f104cca-0fc1-4c15-92da-d5014c5dce31","120","46","e8d48dd1-5c43-44eb-b11b-3cc34f7c4732","真原味",\N,"2014-07-25 00:00:00","3942155e-4ada-493b-aea6-a8dd00a52b33",\N,\N,"46","Y",""
"6f9856ba-9611-4600-b936-6d7f008a70e6","121","7","7bd29fad-a840-45ab-b5d3-1febe0c209c7","心靈療癒",\N,"2014-07-25 00:00:00","3942155e-4ada-493b-aea6-a8dd00a52b33",\N,\N,"7","N",""
"70315387-f9b4-44c4-b514-d2237f69466b","324",\N,"d6921fa8-3e7c-4017-9712-cb39ae4bb241","這樣吃才對！",\N,"2014-12-25 20:37:19","3942155e-4ada-493b-aea6-a8dd00a52b33",\N,\N,"3","Y",""
"7059d947-f8c9-4610-8342-1404f6903094","387",\N,"e8d48dd1-5c43-44eb-b11b-3cc34f7c4732","辛料理廚房",\N,"2015-08-24 14:37:15","16ba1363-e4e0-4087-a1e1-0a89792f4e68","2015-08-24 14:37:25","16ba1363-e4e0-4087-a1e1-0a89792f4e68","17","N",""
"70cd5240-a359-4334-a08b-d672d91c37e2","122","29","e8d48dd1-5c43-44eb-b11b-3cc34f7c4732","月子餐",\N,"2014-07-25 00:00:00","3942155e-4ada-493b-aea6-a8dd00a52b33",\N,\N,"76","N",""
"714e0e67-e001-4c1d-8aba-14a625088346","346",\N,"6be3e7bc-680b-4391-8dca-160296f031c6","生活中的魔法",\N,"2015-03-09 10:45:34","cd3962b3-bb8c-4ed2-a391-68c2090eb52a","2015-03-09 10:45:43","cd3962b3-bb8c-4ed2-a391-68c2090eb52a","27","N",""
"721d64ea-d7ad-4e1e-b261-2a6e3ecc0172","123","8","c6f8aebd-a22e-4eaa-a313-95fdcbd9ed22","腦神經",\N,"2014-07-25 00:00:00","3942155e-4ada-493b-aea6-a8dd00a52b33",\N,\N,"8","N",""
"73532335-07ad-4a39-97be-7d1a95f3080e","124","60","1a5d9d94-3fbb-4b92-834c-19865a68b961","營養新知",\N,"2014-07-25 00:00:00","3942155e-4ada-493b-aea6-a8dd00a52b33",\N,\N,"2","N",\N
"73f4f719-80b9-4fff-bc09-52724f6bf02f","306","1","8b7dec72-3f11-11e4-86d1-645a04590588","10000以下",\N,"2014-10-29 16:41:06","3942155e-4ada-493b-aea6-a8dd00a52b33",\N,\N,"1","N",\N
"740d2d8e-29b8-4d39-8ddb-2a6d0b2e4148","125","3","8e760f69-d51c-4597-8da3-234e301d66be","心裡悄悄話",\N,"2014-07-25 00:00:00","3942155e-4ada-493b-aea6-a8dd00a52b33","2015-03-11 13:41:04","3942155e-4ada-493b-aea6-a8dd00a52b33","3","N",""
"743e59ce-8a07-44f9-8598-69adaf14df3c","126",\N,"508fdc78-1978-4b6e-8892-5f0bf4eade75","麻醉科",\N,"2014-08-01 00:00:00","3942155e-4ada-493b-aea6-a8dd00a52b33",\N,\N,"47","N",\N
"7451a922-bbd8-498a-8f27-3c4fb5ef19ae","401",\N,"6be3e7bc-680b-4391-8dca-160296f031c6","預見高齡想像未來",\N,"2015-12-31 15:04:42","cd3962b3-bb8c-4ed2-a391-68c2090eb52a","2016-01-15 16:18:13","f7ffeb79-772d-4f77-badf-17878cc8c4fd","6","N",""
"75c2dadd-6f92-4085-865d-ba6e683443fb","320",\N,"6be3e7bc-680b-4391-8dca-160296f031c6","大蒜料理能護心！",\N,"2014-12-17 11:24:19","cd3962b3-bb8c-4ed2-a391-68c2090eb52a","2014-12-17 11:24:25","cd3962b3-bb8c-4ed2-a391-68c2090eb52a","37","N",""
"79278743-3a46-414e-bc56-f870dd7b8cbc","309","4","8b7dec72-3f11-11e4-86d1-645a04590588","30000~40000",\N,"2014-10-29 16:41:06","3942155e-4ada-493b-aea6-a8dd00a52b33",\N,\N,"4","N",\N
"7a5f3ef5-2235-41df-ac1a-b16a2a6b5238","127",\N,"508fdc78-1978-4b6e-8892-5f0bf4eade75","心臟血管外科",\N,"2014-08-01 00:00:00","3942155e-4ada-493b-aea6-a8dd00a52b33",\N,\N,"16","N",\N
"7b0005ea-ac40-48e4-9f87-fdbf79279b4d","128",\N,"e4b21507-bf1e-403b-84f2-95920a93ad5a","雲門舞集",\N,"2014-07-25 00:00:00","3942155e-4ada-493b-aea6-a8dd00a52b33",\N,\N,"61","N",\N
"7c32937a-b7f8-4170-86f7-50877a293bbe","129","30","e8d48dd1-5c43-44eb-b11b-3cc34f7c4732","蝦",\N,"2014-07-25 00:00:00","3942155e-4ada-493b-aea6-a8dd00a52b33",\N,\N,"77","N",""
"7c5e2ab8-e962-428f-94a0-96063b8b4474","374",\N,"6be3e7bc-680b-4391-8dca-160296f031c6","拳擊有氧揮別脂肪",\N,"2015-06-10 09:45:49","16ba1363-e4e0-4087-a1e1-0a89792f4e68","2015-06-10 09:46:39","16ba1363-e4e0-4087-a1e1-0a89792f4e68","16","N",""
"7d045050-c1d9-407a-836e-44b3d8602434","130",\N,"508fdc78-1978-4b6e-8892-5f0bf4eade75","毒物科",\N,"2014-08-01 00:00:00","3942155e-4ada-493b-aea6-a8dd00a52b33",\N,\N,"45","N",\N
"7d37db5f-e397-44c4-992f-a3a9d86fe607","335",\N,"6be3e7bc-680b-4391-8dca-160296f031c6","低熱量甜點DIY",\N,"2015-01-26 16:46:49","cd3962b3-bb8c-4ed2-a391-68c2090eb52a","2015-01-26 16:52:11","cd3962b3-bb8c-4ed2-a391-68c2090eb52a","38","N",""
"7e450a58-71b9-467c-8d7e-4b5bf7fe033f","372",\N,"6be3e7bc-680b-4391-8dca-160296f031c6","厝邊好醫生",\N,"2015-06-08 16:13:10","16ba1363-e4e0-4087-a1e1-0a89792f4e68","2015-06-08 16:13:51","16ba1363-e4e0-4087-a1e1-0a89792f4e68","17","N",""
"7ec894be-d047-4469-8518-1df77b4212b7","362",\N,"e8d48dd1-5c43-44eb-b11b-3cc34f7c4732","美味濃湯DIY",\N,"2015-04-27 12:02:17","16ba1363-e4e0-4087-a1e1-0a89792f4e68","2015-04-27 12:02:22","16ba1363-e4e0-4087-a1e1-0a89792f4e68","29","N",""
"8008eac6-d873-49da-84e0-0cd5a411f61b","131",\N,"508fdc78-1978-4b6e-8892-5f0bf4eade75","傷科",\N,"2014-08-01 00:00:00","3942155e-4ada-493b-aea6-a8dd00a52b33",\N,\N,"38","N",\N
"80c890e9-ff81-4130-b56b-918371d2515a","434",\N,"e8d48dd1-5c43-44eb-b11b-3cc34f7c4732","清涼回甘好滋味",\N,"2016-07-18 11:18:26","1d7a7a92-9358-47e7-80bd-a2427ffd10cc","2016-07-18 11:18:36","1d7a7a92-9358-47e7-80bd-a2427ffd10cc","2","N",""
"8128dc6d-3531-4fdf-8384-9b78cab8593e","351",\N,"6be3e7bc-680b-4391-8dca-160296f031c6","中醫的食療養生術",\N,"2015-03-19 18:11:50","cd3962b3-bb8c-4ed2-a391-68c2090eb52a","2015-03-19 18:12:08","cd3962b3-bb8c-4ed2-a391-68c2090eb52a","26","N",""
"82c18eaf-ffaa-497a-a1da-e36e115921a2","371",\N,"6be3e7bc-680b-4391-8dca-160296f031c6","抗癌新未來",\N,"2015-06-03 16:43:51","16ba1363-e4e0-4087-a1e1-0a89792f4e68","2015-06-04 13:59:33","cd3962b3-bb8c-4ed2-a391-68c2090eb52a","18","N",""
"83477c59-a9ca-4a7c-808b-3dd26b972dd4","400",\N,"cfc7aea1-681e-4e04-b25e-621b569ee1d9","2025",\N,"2015-12-16 12:15:21","3942155e-4ada-493b-aea6-a8dd00a52b33",\N,\N,"3","N",""
 "8409c621-9257-433c-ab30-e19feff1be99","132",\N,"508fdc78-1978-4b6e-8892-5f0bf4eade75","睡眠諮詢",\N,"2014-08-01 00:00:00","3942155e-4ada-493b-aea6-a8dd00a52b33",\N,\N,"53","N",\N
"84458a50-43fa-492b-8724-9175e9c3300b","133","10","e8d48dd1-5c43-44eb-b11b-3cc34f7c4732","清涼降火飲品",\N,"2014-07-25 00:00:00","3942155e-4ada-493b-aea6-a8dd00a52b33",\N,\N,"58","N",""
"8581a97f-985c-4f68-b95c-d64beaa4b534","134",\N,"e4b21507-bf1e-403b-84f2-95920a93ad5a","遠流出版",\N,"2014-07-25 00:00:00","3942155e-4ada-493b-aea6-a8dd00a52b33",\N,\N,"60","N",\N
"859b618c-0de6-4d85-bdee-957297e8ddf9","135",\N,"e4b21507-bf1e-403b-84f2-95920a93ad5a","網路與書出版",\N,"2014-07-25 00:00:00","3942155e-4ada-493b-aea6-a8dd00a52b33",\N,\N,"52","N",\N
"85c8338e-fb49-4f13-8ef3-a48982fa19b1","337",\N,"6be3e7bc-680b-4391-8dca-160296f031c6","康健來了！全系列",\N,"2015-01-30 18:15:30","3942155e-4ada-493b-aea6-a8dd00a52b33","2015-01-30 18:19:19","3942155e-4ada-493b-aea6-a8dd00a52b33","51","N",""
"85ef3e5c-da63-4ad3-af74-13367f872edd","136",\N,"e4b21507-bf1e-403b-84f2-95920a93ad5a","行人出版社",\N,"2014-07-25 00:00:00","3942155e-4ada-493b-aea6-a8dd00a52b33",\N,\N,"54","N",\N
"86d112f5-80a8-4487-ae97-86d0ca5c705f","137","69","6414d615-2169-4744-ae5b-038ef7c3015a","用藥安全",\N,"2014-07-25 00:00:00","3942155e-4ada-493b-aea6-a8dd00a52b33",\N,\N,"4","N",\N
"8712b833-9763-452a-82ae-d4c931ed17e6","380",\N,"e8d48dd1-5c43-44eb-b11b-3cc34f7c4732","康健來了",\N,"2015-07-17 12:10:57","16ba1363-e4e0-4087-a1e1-0a89792f4e68","2015-07-17 12:12:04","16ba1363-e4e0-4087-a1e1-0a89792f4e68","19","N",""
"87401af6-c20b-4986-9f9a-685042f79ba9","138","3","7bd29fad-a840-45ab-b5d3-1febe0c209c7","好好生活",\N,"2014-07-25 00:00:00","3942155e-4ada-493b-aea6-a8dd00a52b33",\N,\N,"3","N",""
"87606413-3145-44a1-b948-0dca796ff22a","139","43","e8d48dd1-5c43-44eb-b11b-3cc34f7c4732","素好味",\N,"2014-07-25 00:00:00","3942155e-4ada-493b-aea6-a8dd00a52b33",\N,\N,"88","N",""
"8932c7c4-595b-48af-8142-dee325c6f111","386",\N,"6be3e7bc-680b-4391-8dca-160296f031c6","扭轉病不起的未來",\N,"2015-08-17 12:45:38","16ba1363-e4e0-4087-a1e1-0a89792f4e68","2015-08-17 12:45:44","16ba1363-e4e0-4087-a1e1-0a89792f4e68","8","N",""
"8932fef5-b641-48f9-b675-2a6d5b3e60ec","350",\N,"4e434134-ef54-470c-bd7f-e3fda5d29993","大人?社團",\N,"2015-03-18 15:59:44","3942155e-4ada-493b-aea6-a8dd00a52b33","2015-03-18 16:00:02","3942155e-4ada-493b-aea6-a8dd00a52b33","1","N",""
"8ab8e800-35cc-46bb-8506-241b1838799c","140","15","e8d48dd1-5c43-44eb-b11b-3cc34f7c4732","泰美味．泰食尚",\N,"2014-07-25 00:00:00","3942155e-4ada-493b-aea6-a8dd00a52b33",\N,\N,"63","N",""
"8bc02f7c-3d88-4410-b2af-9446ef6a6f61","141","89","bde13056-8bb1-4b11-9992-031ecba6f6ac","美容保健",\N,"2014-07-25 00:00:00","3942155e-4ada-493b-aea6-a8dd00a52b33",\N,\N,"4","N",\N
"8bd9ea35-a14d-4ca2-b64e-147f5f2f3ec0","142",\N,"508fdc78-1978-4b6e-8892-5f0bf4eade75","一般外科",\N,"2014-08-01 00:00:00","3942155e-4ada-493b-aea6-a8dd00a52b33",\N,\N,"14","N",\N
"8ca92623-ec85-49df-8a01-ebf8840033b7","143",\N,"e4b21507-bf1e-403b-84f2-95920a93ad5a","推守社",\N,"2014-07-25 00:00:00","3942155e-4ada-493b-aea6-a8dd00a52b33",\N,\N,"42","N",\N
"8d0eec19-4763-4b50-8d28-0397184cec9d","304",\N,"e8d48dd1-5c43-44eb-b11b-3cc34f7c4732","秋高氣爽嚐蓮藕",\N,"2014-10-24 18:25:04","cd3962b3-bb8c-4ed2-a391-68c2090eb52a","2014-10-24 18:25:10","cd3962b3-bb8c-4ed2-a391-68c2090eb52a","41","N",""
"8d4fad7a-b7d4-4a2d-99e4-28d2dbc2bd7c","144","5","7bd29fad-a840-45ab-b5d3-1febe0c209c7","中醫這麼說",\N,"2014-07-25 00:00:00","3942155e-4ada-493b-aea6-a8dd00a52b33",\N,\N,"5","N",""
"8d85580d-3ba2-46f7-8136-c0f1e6d65ffb","370",\N,"e8d48dd1-5c43-44eb-b11b-3cc34f7c4732","這樣吃，不失智！",\N,"2015-06-01 12:23:40","16ba1363-e4e0-4087-a1e1-0a89792f4e68","2015-06-01 12:23:52","16ba1363-e4e0-4087-a1e1-0a89792f4e68","23","N",""
"8ddf3613-2159-4a53-8d65-6ac88314c71c","406",\N,"uuid()","樂活人生",\N,"2016-02-15 18:47:50","3942155e-4ada-493b-aea6-a8dd00a52b33",\N,\N,"3","N",""
"8e02c46b-b87b-4342-8924-8bec15ca15f8","356",\N,"6be3e7bc-680b-4391-8dca-160296f031c6","大人?社團",\N,"2015-03-31 18:32:05","cd3962b3-bb8c-4ed2-a391-68c2090eb52a","2016-07-18 10:54:33","f7ffeb79-772d-4f77-badf-17878cc8c4fd","2","N",""
"8e770e44-ae55-43c9-bf7d-5bbbb090300c","145","11","6be3e7bc-680b-4391-8dca-160296f031c6","穴位按摩",\N,"2014-07-25 00:00:00","3942155e-4ada-493b-aea6-a8dd00a52b33",\N,\N,"49","N",""
"8e7b7d9a-fc05-4ff5-a01c-3d3e1c60712b","146","32","e8d48dd1-5c43-44eb-b11b-3cc34f7c4732","快樂藥膳",\N,"2014-07-25 00:00:00","3942155e-4ada-493b-aea6-a8dd00a52b33",\N,\N,"79","N",""
"8eb2a2b6-46b4-4460-8193-4188f09d6f45","147",\N,"e4b21507-bf1e-403b-84f2-95920a93ad5a","UHO優活健康網",\N,"2014-07-25 00:00:00","3942155e-4ada-493b-aea6-a8dd00a52b33",\N,\N,"9","N",\N
"8f1782b9-bbb0-4e08-8c25-f2780bd7f7ee","148",\N,"508fdc78-1978-4b6e-8892-5f0bf4eade75","胸腔外科",\N,"2014-08-01 00:00:00","3942155e-4ada-493b-aea6-a8dd00a52b33",\N,\N,"12","N",\N
"8f1b3526-00f5-4d43-872c-88a44025c126","149",\N,"e4b21507-bf1e-403b-84f2-95920a93ad5a","本事文化",\N,"2014-07-25 00:00:00","3942155e-4ada-493b-aea6-a8dd00a52b33",\N,\N,"46","N",\N
"8f27e332-219d-4d27-b766-805cd6a1126c","150",\N,"e4b21507-bf1e-403b-84f2-95920a93ad5a","Web only",\N,"2014-07-25 00:00:00","3942155e-4ada-493b-aea6-a8dd00a52b33",\N,\N,"10","N",\N
"8f925900-d462-43c3-b307-3ce0a333e72b","151","7","362e7edb-066b-4200-8a10-97f55493272a","人物故事",\N,"2014-07-25 00:00:00","3942155e-4ada-493b-aea6-a8dd00a52b33",\N,\N,"7","Y",""
"8fd93612-2c58-44b2-9beb-c102bab67807","152",\N,"e4b21507-bf1e-403b-84f2-95920a93ad5a","Yahoo!奇摩",\N,"2014-07-25 00:00:00","3942155e-4ada-493b-aea6-a8dd00a52b33",\N,\N,"11","N",\N
"908c95a9-7a87-4749-9b55-062f476527db","153",\N,"e4b21507-bf1e-403b-84f2-95920a93ad5a","廣告部企劃製作",\N,"2014-07-25 00:00:00","3942155e-4ada-493b-aea6-a8dd00a52b33",\N,\N,"37","N",\N
"913bdb3b-e62e-45f3-bf07-4f3a5b65cdc2","154",\N,"508fdc78-1978-4b6e-8892-5f0bf4eade75","精神科/身心科",\N,"2014-08-01 00:00:00","3942155e-4ada-493b-aea6-a8dd00a52b33",\N,\N,"24","N",\N
"9182632d-7be4-427d-a172-dcd8ea965aaa","155","27","e8d48dd1-5c43-44eb-b11b-3cc34f7c4732","年菜",\N,"2014-07-25 00:00:00","3942155e-4ada-493b-aea6-a8dd00a52b33",\N,\N,"74","N",""
"941c90cb-a0a5-44fc-ab5e-5482518a5f2e","403",\N,"e8d48dd1-5c43-44eb-b11b-3cc34f7c4732","純素烘焙正夯",\N,"2016-02-15 11:32:08","f7ffeb79-772d-4f77-badf-17878cc8c4fd","2016-02-15 11:32:31","f7ffeb79-772d-4f77-badf-17878cc8c4fd","12","N",""
"94551813-0874-449c-90e3-2aa81d9c4ba8","156","1","8e760f69-d51c-4597-8da3-234e301d66be","醫生這樣說",\N,"2014-07-25 00:00:00","3942155e-4ada-493b-aea6-a8dd00a52b33","2016-01-21 00:03:03","cd3962b3-bb8c-4ed2-a391-68c2090eb52a","1","N",""
"94790b7f-8fe1-486f-81c0-c395a3c919ee","157","20","e8d48dd1-5c43-44eb-b11b-3cc34f7c4732","美味果醬",\N,"2014-07-25 00:00:00","3942155e-4ada-493b-aea6-a8dd00a52b33",\N,\N,"68","N",""
"9479118d-415b-4471-86b5-95567c5702c1","418",\N,"e8d48dd1-5c43-44eb-b11b-3cc34f7c4732","椰子油入菜",\N,"2016-05-09 14:28:53","cd3962b3-bb8c-4ed2-a391-68c2090eb52a","2016-05-09 14:29:04","cd3962b3-bb8c-4ed2-a391-68c2090eb52a","11","N",""
"9536b8d1-d188-413e-9ba3-e9397baac0e7","158","78","877839b7-358d-47d8-b705-763c8c978f30","面對自我",\N,"2014-07-25 00:00:00","3942155e-4ada-493b-aea6-a8dd00a52b33",\N,\N,"6","N",\N
"958e13fb-5ac5-4195-8e4a-0c375b8a44ad","159","17","e8d48dd1-5c43-55eb-b11b-3cc34f7c4732","腫瘤科",\N,"2014-08-01 00:00:00","3942155e-4ada-493b-aea6-a8dd00a52b33",\N,\N,"17","N",""
"965ec775-691e-49bb-8a1c-97f91d8889f4","402",\N,"e4b21507-bf1e-403b-84f2-95920a93ad5a","康健廣告企劃製作",\N,"2016-02-03 11:41:03","33b96b78-0875-4a12-9daa-f12710423d2b",\N,\N,"69","N",\N
"968fd849-3730-41e2-aa59-784e0c0e8e9c","307","2","8b7dec72-3f11-11e4-86d1-645a04590588","10000~20000",\N,"2014-10-29 16:41:06","3942155e-4ada-493b-aea6-a8dd00a52b33",\N,\N,"2","N",\N
"974593b0-472b-43c5-bee7-2bcd57a6baf3","390",\N,"e8d48dd1-5c43-44eb-b11b-3cc34f7c4732","秋日養生好味道",\N,"2015-09-23 12:07:02","16ba1363-e4e0-4087-a1e1-0a89792f4e68","2015-09-23 14:34:22","16ba1363-e4e0-4087-a1e1-0a89792f4e68","25","N",""
 "9866eb3c-3239-4fc8-bc1e-22d3cac6fd66","160","81","faa41bab-d67c-46f7-b3df-b2627062dba8","中醫養生",\N,"2014-07-25 00:00:00","3942155e-4ada-493b-aea6-a8dd00a52b33",\N,\N,"1","N",\N
"98731306-70c4-4623-bd99-3ec4e6064d45","161","4","6be3e7bc-680b-4391-8dca-160296f031c6","真原味",\N,"2014-07-25 00:00:00","3942155e-4ada-493b-aea6-a8dd00a52b33",\N,\N,"44","N",""
"98d448c2-2eed-4a0e-a414-e2bc6f0d274d","162","1","c6f8aebd-a22e-4eaa-a313-95fdcbd9ed22","心臟",\N,"2014-07-25 00:00:00","3942155e-4ada-493b-aea6-a8dd00a52b33",\N,\N,"1","N",""
"9935fd39-23ea-4973-a024-538340815086","322",\N,"d6921fa8-3e7c-4017-9712-cb39ae4bb241","最多人轉分享",\N,"2014-12-25 20:37:09","3942155e-4ada-493b-aea6-a8dd00a52b33",\N,\N,"1","Y",""
"99506170-e87b-4323-90fc-92234486470d","435",\N,"e8d48dd1-5c43-44eb-b11b-3cc34f7c4732","國寶中醫消暑湯方",\N,"2016-07-25 15:21:07","1d7a7a92-9358-47e7-80bd-a2427ffd10cc","2016-07-25 15:21:23","1d7a7a92-9358-47e7-80bd-a2427ffd10cc","1","N",""
"99b2991e-23f6-4900-a550-c97248266d0e","163",\N,"e4b21507-bf1e-403b-84f2-95920a93ad5a","大塊文化",\N,"2014-07-25 00:00:00","3942155e-4ada-493b-aea6-a8dd00a52b33",\N,\N,"23","N",\N
"9a635d6d-b44b-4a5b-9c1e-3c0429432c38","164","226","877839b7-358d-47d8-b705-763c8c978f30","心靈書選",\N,"2014-07-25 00:00:00","3942155e-4ada-493b-aea6-a8dd00a52b33",\N,\N,"7","Y",\N
"9ab43ff4-92f0-4d99-b3b5-ed96cb090294","165","72","6414d615-2169-4744-ae5b-038ef7c3015a","專欄",\N,"2014-07-25 00:00:00","3942155e-4ada-493b-aea6-a8dd00a52b33",\N,\N,"8","N",\N
"9bc3c735-c34f-4e8c-a9dd-f99b3836a35c","166",\N,"e4b21507-bf1e-403b-84f2-95920a93ad5a","TED Talks",\N,"2014-07-25 00:00:00","3942155e-4ada-493b-aea6-a8dd00a52b33",\N,\N,"6","N",\N
"9c08c9fd-6f90-481e-aeaa-ef693f789405","415",\N,"6be3e7bc-680b-4391-8dca-160296f031c6","與癌共處",\N,"2016-04-06 15:46:58","cd3962b3-bb8c-4ed2-a391-68c2090eb52a","2016-05-27 09:51:47","f7ffeb79-772d-4f77-badf-17878cc8c4fd","3","N",""
"9c939a38-98a8-474d-8e20-787759fa61de","167","1","e8d48dd1-5c43-55eb-b11b-3cc34f7c4732","眼科",\N,"2014-08-01 00:00:00","3942155e-4ada-493b-aea6-a8dd00a52b33",\N,\N,"2","N",""
"9cfa0750-2090-405c-8165-185e808c9e7a","168","31","e8d48dd1-5c43-44eb-b11b-3cc34f7c4732","蒸煮料理",\N,"2014-07-25 00:00:00","3942155e-4ada-493b-aea6-a8dd00a52b33",\N,\N,"78","N",""
"9d3a9c83-cd8f-443d-9dd2-c836ad35a8fd","169",\N,"e4b21507-bf1e-403b-84f2-95920a93ad5a","悅知文化",\N,"2014-07-25 00:00:00","3942155e-4ada-493b-aea6-a8dd00a52b33",\N,\N,"41","N",\N
"9d7e172e-704e-4f96-9c1a-b7bf7bc3fff2","170",\N,"508fdc78-1978-4b6e-8892-5f0bf4eade75","生殖醫學科(不孕症門診)",\N,"2014-08-01 00:00:00","3942155e-4ada-493b-aea6-a8dd00a52b33",\N,\N,"32","N",\N
"9d88ab10-dae2-4bc9-9d65-eb483babc24f","171","5","6be3e7bc-680b-4391-8dca-160296f031c6","手作好食DIY",\N,"2014-07-25 00:00:00","3942155e-4ada-493b-aea6-a8dd00a52b33",\N,\N,"45","N",""
"9df5e697-d069-495b-8e5d-b9c372b1ebcc","172",\N,"508fdc78-1978-4b6e-8892-5f0bf4eade75","婦科",\N,"2014-08-01 00:00:00","3942155e-4ada-493b-aea6-a8dd00a52b33",\N,\N,"30","N",\N
"9e722286-e285-4630-a257-cf14bf6fb5fb","364",\N,"6be3e7bc-680b-4391-8dca-160296f031c6","親子料理輕鬆上菜",\N,"2015-05-06 10:04:14","16ba1363-e4e0-4087-a1e1-0a89792f4e68","2015-05-06 10:04:35","16ba1363-e4e0-4087-a1e1-0a89792f4e68","21","N",""
"9f21cd51-5aee-4ff9-bcd5-f0e0b7335bef","173","5","8e760f69-d51c-4597-8da3-234e301d66be","好生活",\N,"2014-07-25 00:00:00","3942155e-4ada-493b-aea6-a8dd00a52b33","2015-03-11 13:41:38","3942155e-4ada-493b-aea6-a8dd00a52b33","5","N",""
"a0128364-7487-4381-8d77-1d8f86ced001","174",\N,"508fdc78-1978-4b6e-8892-5f0bf4eade75","中西醫結合科",\N,"2014-08-01 00:00:00","3942155e-4ada-493b-aea6-a8dd00a52b33",\N,\N,"39","N",\N
"a061b06e-b460-44dc-8c40-66e6796d3151","175","10","c6f8aebd-a22e-4eaa-a313-95fdcbd9ed22","眼睛",\N,"2014-07-25 00:00:00","3942155e-4ada-493b-aea6-a8dd00a52b33",\N,\N,"10","N",""
"a096ae97-c087-4c34-a78c-91a6d056b91e","176","91","bde13056-8bb1-4b11-9992-031ecba6f6ac","專欄",\N,"2014-07-25 00:00:00","3942155e-4ada-493b-aea6-a8dd00a52b33",\N,\N,"6","N",\N
"a0bf01ba-3cb0-49af-9fba-86b0cd761fb3","381",\N,"e8d48dd1-5c43-44eb-b11b-3cc34f7c4732","鹽麴料理",\N,"2015-08-03 15:06:50","16ba1363-e4e0-4087-a1e1-0a89792f4e68","2015-08-03 15:06:57","16ba1363-e4e0-4087-a1e1-0a89792f4e68","18","N",""
"a0fbe92f-63e3-4d3a-9b8b-e42b9196f3cc","382",\N,"6be3e7bc-680b-4391-8dca-160296f031c6","跑步伸展大公開",\N,"2015-08-10 10:45:36","16ba1363-e4e0-4087-a1e1-0a89792f4e68","2015-12-05 01:48:37","cd3962b3-bb8c-4ed2-a391-68c2090eb52a","12","N",""
"a15af7bf-c368-435e-992c-0d6575cd66e9","177","4","7bd29fad-a840-45ab-b5d3-1febe0c209c7","吃對好健康",\N,"2014-07-25 00:00:00","3942155e-4ada-493b-aea6-a8dd00a52b33",\N,\N,"4","N",""
"a1d64ce6-dcfb-41ac-8d1b-dcbb34556bb5","178","251","1a5d9d94-3fbb-4b92-834c-19865a68b961","我的早餐",\N,"2014-07-25 00:00:00","3942155e-4ada-493b-aea6-a8dd00a52b33","2014-09-07 18:31:20","3942155e-4ada-493b-aea6-a8dd00a52b33","3","Y",""
"a247a00f-9f1c-4b07-84b9-0b96648a2a27","179",\N,"e4b21507-bf1e-403b-84f2-95920a93ad5a","高寶出版",\N,"2014-07-25 00:00:00","3942155e-4ada-493b-aea6-a8dd00a52b33",\N,\N,"62","N",\N
"a31ac648-9bc7-47db-a636-a307b84e7976","344",\N,"6be3e7bc-680b-4391-8dca-160296f031c6","中醫護胃私房菜",\N,"2015-03-05 09:54:18","16ba1363-e4e0-4087-a1e1-0a89792f4e68","2015-03-19 18:12:46","cd3962b3-bb8c-4ed2-a391-68c2090eb52a","28","N",""
"a3fec75e-5e92-46a1-80c5-979f2387c40b","180","222","bde13056-8bb1-4b11-9992-031ecba6f6ac","美體書選",\N,"2014-07-25 00:00:00","3942155e-4ada-493b-aea6-a8dd00a52b33",\N,\N,"6","Y",\N
"a523ccb3-2e59-434a-834b-a405cec9d467","181",\N,"508fdc78-1978-4b6e-8892-5f0bf4eade75","藥物諮詢",\N,"2014-08-01 00:00:00","3942155e-4ada-493b-aea6-a8dd00a52b33",\N,\N,"52","N",\N
"a58d8a7a-eae7-4951-95bd-0fed1f995a2a","413",\N,"6414d615-2169-4744-ae5b-038ef7c3015a","口腔保健",\N,"2016-03-15 09:42:59","3942155e-4ada-493b-aea6-a8dd00a52b33","2016-03-15 09:43:26","3942155e-4ada-493b-aea6-a8dd00a52b33","6","N","http://bit.ly/1YTvUvj"
"a76820f3-fbb2-4b24-9ab3-11c720d4ab78","182",\N,"508fdc78-1978-4b6e-8892-5f0bf4eade75","大腸直腸外科",\N,"2014-08-01 00:00:00","3942155e-4ada-493b-aea6-a8dd00a52b33",\N,\N,"17","N",\N
"a8629630-27ab-4014-912b-291be58dd1ba","183",\N,"e4b21507-bf1e-403b-84f2-95920a93ad5a","iCook 愛料理",\N,"2014-07-25 00:00:00","3942155e-4ada-493b-aea6-a8dd00a52b33",\N,\N,"5","N",\N
"a913406f-b7b4-4cc0-a9b5-c5f08d758d33","184",\N,"e4b21507-bf1e-403b-84f2-95920a93ad5a","空中英語教室",\N,"2014-07-25 00:00:00","3942155e-4ada-493b-aea6-a8dd00a52b33",\N,\N,"51","N",\N
"a96bc38f-7dbf-4d93-b897-708abb45218d","185","38","e8d48dd1-5c43-44eb-b11b-3cc34f7c4732","客家苦瓜",\N,"2014-07-25 00:00:00","3942155e-4ada-493b-aea6-a8dd00a52b33",\N,\N,"83","N",""
"a982c4d7-835e-4f73-bdc3-1cff1c812e2b","186","2","6be3e7bc-680b-4391-8dca-160296f031c6","楊定一博士",\N,"2014-07-25 00:00:00","3942155e-4ada-493b-aea6-a8dd00a52b33","2016-01-30 10:05:40","f7ffeb79-772d-4f77-badf-17878cc8c4fd","5","N",""
"a98da8b5-a0c5-433e-9858-e8abc87d2972","395",\N,"faa41bab-d67c-46f7-b3df-b2627062dba8","節氣養生",\N,"2015-12-01 11:26:02","3942155e-4ada-493b-aea6-a8dd00a52b33","2015-12-01 11:26:08","3942155e-4ada-493b-aea6-a8dd00a52b33","2","N",""
"aa010a52-9d08-4482-910c-7a98344c83bf","187","5","e8d48dd1-5c43-44eb-b11b-3cc34f7c4732","活力低卡餐",\N,"2014-07-25 00:00:00","3942155e-4ada-493b-aea6-a8dd00a52b33",\N,\N,"53","N",""
"aa0f7739-c885-4ccd-8aec-cdcc4d172bca","188","2","8e760f69-d51c-4597-8da3-234e301d66be","吃對又吃好",\N,"2014-07-25 00:00:00","3942155e-4ada-493b-aea6-a8dd00a52b33","2016-01-21 10:39:38","cd3962b3-bb8c-4ed2-a391-68c2090eb52a","2","N",""
"ab8341ae-0377-42e7-a433-36d93ed70ef6","345",\N,"6be3e7bc-680b-4391-8dca-160296f031c6","沙發運動不發胖",\N,"2015-03-09 10:44:10","cd3962b3-bb8c-4ed2-a391-68c2090eb52a","2015-04-07 10:32:35","cd3962b3-bb8c-4ed2-a391-68c2090eb52a","24","N",""
"ac906788-ca66-4552-b036-705e05398852","189","93","4e434134-ef54-470c-bd7f-e3fda5d29993","樂活居家",\N,"2014-07-25 00:00:00","3942155e-4ada-493b-aea6-a8dd00a52b33",\N,\N,"2","N",\N
 "acacaf32-9a65-4b49-9e0a-bea409c989eb","190",\N,"64960945-4a8a-4bd7-a81c-0b43374cfa17","養生新知",\N,"2014-08-02 12:51:08","3942155e-4ada-493b-aea6-a8dd00a52b33",\N,\N,"4","N",""
"ae1550a0-2369-4a73-8e0c-1582dca42bdf","191","87","bde13056-8bb1-4b11-9992-031ecba6f6ac","愛瑜伽",\N,"2014-07-25 00:00:00","3942155e-4ada-493b-aea6-a8dd00a52b33",\N,\N,"2","N",\N
"ae50f315-d828-4785-9bce-505dd3ab8c57","192",\N,"508fdc78-1978-4b6e-8892-5f0bf4eade75","高齡醫學門診",\N,"2014-08-01 00:00:00","3942155e-4ada-493b-aea6-a8dd00a52b33",\N,\N,"54","N",\N
"aebf0dd7-1d2c-447f-a1f4-726ffa0b251a","193",\N,"e4b21507-bf1e-403b-84f2-95920a93ad5a","誠品站",\N,"2014-07-25 00:00:00","3942155e-4ada-493b-aea6-a8dd00a52b33",\N,\N,"58","N",\N
"aef83373-8258-4cd3-baa0-266376242c66","194","2","362e7edb-066b-4200-8a10-97f55493272a","身體美學",\N,"2014-07-25 00:00:00","3942155e-4ada-493b-aea6-a8dd00a52b33",\N,\N,"2","N",""
"afb4854a-fe98-4e18-a206-686909bc0793","363",\N,"e8d48dd1-5c43-44eb-b11b-3cc34f7c4732","這樣吃！不憂鬱",\N,"2015-05-04 11:49:44","16ba1363-e4e0-4087-a1e1-0a89792f4e68","2015-05-04 11:49:50","16ba1363-e4e0-4087-a1e1-0a89792f4e68","28","N",""
"b0819030-338f-42d9-b6af-60effa776e13","408",\N,"uuid()","西醫系列",\N,"2016-02-15 18:53:15","3942155e-4ada-493b-aea6-a8dd00a52b33",\N,\N,"5","N",""
"b0d3df65-7aba-44dd-9576-e093c9bbe6a1","195","3","e8d48dd1-5c43-44eb-b11b-3cc34f7c4732","好油做料理",\N,"2014-07-25 00:00:00","3942155e-4ada-493b-aea6-a8dd00a52b33",\N,\N,"51","N",""
"b0fd7275-52e2-43ad-8c74-163b81da71c9","300",\N,"e8d48dd1-5c43-55eb-b11b-3cc34f7c4732","腎臟科",\N,"2014-09-24 13:40:52","3942155e-4ada-493b-aea6-a8dd00a52b33",\N,\N,"24","N",""
"b12e8ba7-da31-466f-a0a7-b10abca6efa6","196",\N,"508fdc78-1978-4b6e-8892-5f0bf4eade75","眼科",\N,"2014-08-01 00:00:00","3942155e-4ada-493b-aea6-a8dd00a52b33",\N,\N,"22","N",\N
"b1524518-8e52-4273-b073-3cd0b9c11601","197","39","e8d48dd1-5c43-44eb-b11b-3cc34f7c4732","重塑味蕾",\N,"2014-07-25 00:00:00","3942155e-4ada-493b-aea6-a8dd00a52b33",\N,\N,"84","N",""
"b19137ef-96cf-4d2d-8c54-3ea1a42d8d78","198","62","1a5d9d94-3fbb-4b92-834c-19865a68b961","素食主義",\N,"2014-07-25 00:00:00","3942155e-4ada-493b-aea6-a8dd00a52b33",\N,\N,"4","N",\N
"b2479cea-80bb-4e46-9d51-1730cacbdbb6","199","82","faa41bab-d67c-46f7-b3df-b2627062dba8","自然醫學",\N,"2014-07-25 00:00:00","3942155e-4ada-493b-aea6-a8dd00a52b33",\N,\N,"4","N",\N
"b39f0496-76e4-43b7-afe5-6ad971ee84e8","200","96","4e434134-ef54-470c-bd7f-e3fda5d29993","單車上路",\N,"2014-07-25 00:00:00","3942155e-4ada-493b-aea6-a8dd00a52b33",\N,\N,"5","N",\N
"b3d23e1d-3560-4de8-abdd-6fd70ac22cec","383",\N,"e8d48dd1-5c43-44eb-b11b-3cc34f7c4732","真食育",\N,"2015-08-12 13:57:02","3942155e-4ada-493b-aea6-a8dd00a52b33",\N,\N,"94","N",""
"b5024610-982d-4897-ae1a-e51829f9afb1","201","6","8e760f69-d51c-4597-8da3-234e301d66be","其它主題",\N,"2014-07-25 00:00:00","3942155e-4ada-493b-aea6-a8dd00a52b33",\N,\N,"6","N",""
"b50da4a5-8571-487d-a13a-3dcb6e55b50b","202","11","e8d48dd1-5c43-44eb-b11b-3cc34f7c4732","夏日輕盈抗浮腫",\N,"2014-07-25 00:00:00","3942155e-4ada-493b-aea6-a8dd00a52b33",\N,\N,"59","N",""
"b535adc5-cff1-4fbb-93b9-5cfa34bc3938","203","5","c6f8aebd-a22e-4eaa-a313-95fdcbd9ed22","腎臟",\N,"2014-07-25 00:00:00","3942155e-4ada-493b-aea6-a8dd00a52b33",\N,\N,"5","N",""
"b5490045-bb80-4252-aaea-c8db3e20ca5e","204","21","e8d48dd1-5c43-55eb-b11b-3cc34f7c4732","睡眠諮詢",\N,"2014-08-01 00:00:00","3942155e-4ada-493b-aea6-a8dd00a52b33",\N,\N,"21","N",""
"b5dbe9f3-255c-49c2-a5c9-3b6235f97d83","205","13","e8d48dd1-5c43-55eb-b11b-3cc34f7c4732","新陳代謝",\N,"2014-08-01 00:00:00","3942155e-4ada-493b-aea6-a8dd00a52b33",\N,\N,"13","N",""
"b69b0121-98a2-42ed-aa39-1ac9cdfbfafb","331",\N,"6be3e7bc-680b-4391-8dca-160296f031c6","上班空檔輕鬆瘦",\N,"2015-01-12 12:47:27","cd3962b3-bb8c-4ed2-a391-68c2090eb52a","2015-01-12 12:47:35","cd3962b3-bb8c-4ed2-a391-68c2090eb52a","35","N",""
"b6e230b9-1fbd-4001-87e1-f8f371085a2f","206","79","877839b7-358d-47d8-b705-763c8c978f30","專欄",\N,"2014-07-25 00:00:00","3942155e-4ada-493b-aea6-a8dd00a52b33",\N,\N,"7","N",\N
"b78cf569-8756-47a5-9524-959558054dc4","414",\N,"e4b21507-bf1e-403b-84f2-95920a93ad5a","大都會文化",\N,"2016-03-24 14:58:41","3942155e-4ada-493b-aea6-a8dd00a52b33",\N,\N,"71","N",\N
"b90c0f19-f96d-406c-b2cb-3fc4a45c3a2c","373",\N,"6be3e7bc-680b-4391-8dca-160296f031c6","地中海料理DIY",\N,"2015-06-10 09:44:53","16ba1363-e4e0-4087-a1e1-0a89792f4e68","2015-06-10 09:46:32","16ba1363-e4e0-4087-a1e1-0a89792f4e68","15","N",""
"b9acb3aa-cc73-4860-90c2-0e64c7f3faba","207","90","bde13056-8bb1-4b11-9992-031ecba6f6ac","減重",\N,"2014-07-25 00:00:00","3942155e-4ada-493b-aea6-a8dd00a52b33",\N,\N,"5","N",\N
"b9cb228f-8fa1-42db-be6a-ad4c226afa3d","412",\N,"6414d615-2169-4744-ae5b-038ef7c3015a","找對醫生",\N,"2016-03-15 09:42:17","3942155e-4ada-493b-aea6-a8dd00a52b33",\N,\N,"8","Y",""
"b9ef04b7-6784-465d-a11a-05403d4e2b96","208","16","e8d48dd1-5c43-55eb-b11b-3cc34f7c4732","SARS",\N,"2014-08-01 00:00:00","3942155e-4ada-493b-aea6-a8dd00a52b33",\N,\N,"16","N",""
"ba15b36f-aa3a-4145-b770-b16bcfc85ca1","209",\N,"e4b21507-bf1e-403b-84f2-95920a93ad5a","先覺出版",\N,"2014-07-25 00:00:00","3942155e-4ada-493b-aea6-a8dd00a52b33",\N,\N,"17","N",\N
"ba6dbb5f-588f-44d9-854a-1abfa4d4c317","210","74","877839b7-358d-47d8-b705-763c8c978f30","紓壓",\N,"2014-07-25 00:00:00","3942155e-4ada-493b-aea6-a8dd00a52b33","2015-06-02 18:32:01","3942155e-4ada-493b-aea6-a8dd00a52b33","2","N",""
"bab1e3f9-5bab-46f5-8ffb-e54d4efe50df","211","15","e8d48dd1-5c43-55eb-b11b-3cc34f7c4732","家醫科",\N,"2014-08-01 00:00:00","3942155e-4ada-493b-aea6-a8dd00a52b33",\N,\N,"15","N",""
"bbf1a8eb-831e-4dc4-aafb-96e07a5dc99c","328",\N,"e8d48dd1-5c43-44eb-b11b-3cc34f7c4732","紅薏仁補冬！",\N,"2014-12-29 14:53:13","cd3962b3-bb8c-4ed2-a391-68c2090eb52a","2014-12-29 14:53:40","cd3962b3-bb8c-4ed2-a391-68c2090eb52a","36","N",""
"bcd2aee4-67d4-4acb-987c-9b3035c92878","409",\N,"uuid()","癌症系列",\N,"2016-02-15 18:53:20","3942155e-4ada-493b-aea6-a8dd00a52b33",\N,\N,"6","N",""
"bd51071a-bf73-4155-9298-de1a07fa5015","212",\N,"508fdc78-1978-4b6e-8892-5f0bf4eade75","兒科",\N,"2014-08-01 00:00:00","3942155e-4ada-493b-aea6-a8dd00a52b33",\N,\N,"41","N",\N
"bea54fb2-dbc3-47b3-a11b-12c4cc8d9ce8","213",\N,"508fdc78-1978-4b6e-8892-5f0bf4eade75","足踝外科",\N,"2014-08-01 00:00:00","3942155e-4ada-493b-aea6-a8dd00a52b33",\N,\N,"18","N",\N
"bf18cbe5-425b-47c2-b716-3c4bdeebc34e","214",\N,"e4b21507-bf1e-403b-84f2-95920a93ad5a","《書評》第59期（2002年）",\N,"2014-07-25 00:00:00","3942155e-4ada-493b-aea6-a8dd00a52b33",\N,\N,"12","N",\N
"bf59774a-7b48-43f5-91cc-bd165e0706aa","410",\N,"uuid()","醫學人文",\N,"2016-02-15 18:53:24","3942155e-4ada-493b-aea6-a8dd00a52b33",\N,\N,"7","N",""
"bfb2c7a6-6cd0-4edb-9db0-aa10ffb36b43","343",\N,"6be3e7bc-680b-4391-8dca-160296f031c6","test",\N,"2015-03-03 11:01:55","cd3962b3-bb8c-4ed2-a391-68c2090eb52a","2015-03-03 11:02:13","cd3962b3-bb8c-4ed2-a391-68c2090eb52a","1","Y",""
"bfb91d07-6ddf-459d-b8b8-fde3d0eef667","424",\N,"e8d48dd1-5c43-44eb-b11b-3cc34f7c4732","譚敦慈自製冰品",\N,"2016-06-06 10:58:24","1d7a7a92-9358-47e7-80bd-a2427ffd10cc","2016-06-06 10:58:45","1d7a7a92-9358-47e7-80bd-a2427ffd10cc","8","N",""
"bfcc80be-c6aa-43ad-a801-042ac646c1aa","215","2","9363fec9-eaaf-4d45-9631-a0681454a3b5","好好補身體",\N,"2014-07-25 00:00:00","3942155e-4ada-493b-aea6-a8dd00a52b33",\N,\N,"2","N",""
"c018b418-6ecc-449a-aef0-f5ed7b914e92","216",\N,"e4b21507-bf1e-403b-84f2-95920a93ad5a","果力文化",\N,"2014-07-25 00:00:00","3942155e-4ada-493b-aea6-a8dd00a52b33",\N,\N,"47","N",\N
"c06f3c8c-e5be-454e-b642-b36540f3e81c","217","3","c6f8aebd-a22e-4eaa-a313-95fdcbd9ed22","肺臟",\N,"2014-07-25 00:00:00","3942155e-4ada-493b-aea6-a8dd00a52b33",\N,\N,"3","N",""
"c0b0865f-43ad-4d22-99d4-5ac017ee8bbb","218","312","877839b7-358d-47d8-b705-763c8c978f30","中年兒女",\N,"2014-07-25 00:00:00","3942155e-4ada-493b-aea6-a8dd00a52b33","2014-09-14 10:06:32","3942155e-4ada-493b-aea6-a8dd00a52b33","1","N",""
"c21c19df-fb51-481b-a7e0-07364d8c2f6d","219","4","362e7edb-066b-4200-8a10-97f55493272a","中醫養生",\N,"2014-07-25 00:00:00","3942155e-4ada-493b-aea6-a8dd00a52b33",\N,\N,"4","N",""
 "c252c4ed-c32f-4313-899c-592893696b8e","220","333","6414d615-2169-4744-ae5b-038ef7c3015a","找對醫生",\N,"2014-07-25 00:00:00","3942155e-4ada-493b-aea6-a8dd00a52b33","2015-08-10 19:56:18","3942155e-4ada-493b-aea6-a8dd00a52b33","7","Y",""
"c2cf1423-352a-42ef-bd02-50fe69ee97dc","221","20","e8d48dd1-5c43-55eb-b11b-3cc34f7c4732","用藥諮詢",\N,"2014-08-01 00:00:00","3942155e-4ada-493b-aea6-a8dd00a52b33",\N,\N,"20","N",""
"c3607c99-efa6-40b3-8de3-66e3122d971d","222","11","e8d48dd1-5c43-55eb-b11b-3cc34f7c4732","食物營養",\N,"2014-08-01 00:00:00","3942155e-4ada-493b-aea6-a8dd00a52b33",\N,\N,"11","N",""
"c3e6341f-9623-4a29-b9f7-74bc142cc05c","223",\N,"508fdc78-1978-4b6e-8892-5f0bf4eade75","婦女腫瘤科",\N,"2014-08-01 00:00:00","3942155e-4ada-493b-aea6-a8dd00a52b33",\N,\N,"31","N",\N
"c4acea5a-2a43-447f-82be-8bd991f31a25","224","10","6be3e7bc-680b-4391-8dca-160296f031c6","瑜伽生活",\N,"2014-07-25 00:00:00","3942155e-4ada-493b-aea6-a8dd00a52b33",\N,\N,"50","N",""
"c4deba1f-c0a7-4bcb-a7ca-1ee35972610d","225","1","e8d48dd1-5c43-44eb-b11b-3cc34f7c4732","活化大腦咖哩",\N,"2014-07-25 00:00:00","3942155e-4ada-493b-aea6-a8dd00a52b33",\N,\N,"49","N",""
"c5761923-7623-424e-b8ce-771f622b6f06","314",\N,"508fdc78-1978-4b6e-8892-5f0bf4eade75","職業醫學科",\N,"2014-10-31 16:11:06","3942155e-4ada-493b-aea6-a8dd00a52b33",\N,\N,"999","N",\N
"c5a3e43e-58e6-47cf-aab2-e0fb63874e1e","333",\N,"6be3e7bc-680b-4391-8dca-160296f031c6","減肥餐。不枯燥",\N,"2015-01-12 13:53:50","cd3962b3-bb8c-4ed2-a391-68c2090eb52a","2015-02-06 01:35:10","cd3962b3-bb8c-4ed2-a391-68c2090eb52a","34","N",""
"c62f8417-1b52-4136-b9ec-35e9c5287de7","226",\N,"508fdc78-1978-4b6e-8892-5f0bf4eade75","病理科",\N,"2014-08-01 00:00:00","3942155e-4ada-493b-aea6-a8dd00a52b33",\N,\N,"46","N",\N
"c68278ed-895c-4db7-be69-b1c5ac6a1153","227","7","e8d48dd1-5c43-44eb-b11b-3cc34f7c4732","防毒食譜",\N,"2014-07-25 00:00:00","3942155e-4ada-493b-aea6-a8dd00a52b33",\N,\N,"55","N",""
"c763f786-02ca-4439-9eb8-70b9db59955f","367",\N,"e8d48dd1-5c43-44eb-b11b-3cc34f7c4732","澱粉減重這樣吃",\N,"2015-05-18 14:57:20","16ba1363-e4e0-4087-a1e1-0a89792f4e68","2015-05-18 14:57:28","16ba1363-e4e0-4087-a1e1-0a89792f4e68","26","N",""
"c9991d64-a8de-427b-be4e-614c69a8491a","228",\N,"508fdc78-1978-4b6e-8892-5f0bf4eade75","免疫風濕科",\N,"2014-08-01 00:00:00","3942155e-4ada-493b-aea6-a8dd00a52b33",\N,\N,"10","N",\N
"c9b1b883-7a3d-48e3-83c5-ed947110a5ad","429",\N,"e8d48dd1-5c43-44eb-b11b-3cc34f7c4732","ＤＩＹ優格冰",\N,"2016-06-27 11:09:06","1d7a7a92-9358-47e7-80bd-a2427ffd10cc","2016-06-27 11:09:19","1d7a7a92-9358-47e7-80bd-a2427ffd10cc","4","N",""
"ca0ae9b6-b563-49c9-b0cd-99eb0e220140","229",\N,"e4b21507-bf1e-403b-84f2-95920a93ad5a","高寶書版",\N,"2014-07-25 00:00:00","3942155e-4ada-493b-aea6-a8dd00a52b33",\N,\N,"63","N",\N
"cbd28a97-294a-4115-86c3-b03c072ea82f","230","6","7bd29fad-a840-45ab-b5d3-1febe0c209c7","預防保健",\N,"2014-07-25 00:00:00","3942155e-4ada-493b-aea6-a8dd00a52b33",\N,\N,"6","N",""
"cd2372a3-80e9-4abc-ac3c-56434d01975a","231",\N,"508fdc78-1978-4b6e-8892-5f0bf4eade75","心臟內科",\N,"2014-08-01 00:00:00","3942155e-4ada-493b-aea6-a8dd00a52b33",\N,\N,"2","N",\N
"cd660f62-a58b-4d4c-9a1f-95f5151d8de3","389",\N,"e8d48dd1-5c43-44eb-b11b-3cc34f7c4732","義大利蔬食",\N,"2015-08-31 12:01:36","16ba1363-e4e0-4087-a1e1-0a89792f4e68","2015-08-31 12:01:42","16ba1363-e4e0-4087-a1e1-0a89792f4e68","16","N",""
"cdf35830-07da-43f3-beb6-416c99401090","232","49","e8d48dd1-5c43-44eb-b11b-3cc34f7c4732","愛麵機",\N,"2014-07-25 00:00:00","3942155e-4ada-493b-aea6-a8dd00a52b33",\N,\N,"92","N",""
"ce1bbcbc-0ce5-46c0-868f-95ede5550a79","233",\N,"508fdc78-1978-4b6e-8892-5f0bf4eade75","腎臟科",\N,"2014-08-01 00:00:00","3942155e-4ada-493b-aea6-a8dd00a52b33",\N,\N,"9","N",\N
"ceb4e8db-3859-44c1-a3d5-bf2d42d5b7d6","399",\N,"e4b21507-bf1e-403b-84f2-95920a93ad5a","大人?社團",\N,"2015-12-15 11:53:19","86d5223b-cadf-4543-88a2-670dda7c0324",\N,\N,"68","N",\N
"cef1923a-d581-42a9-aa69-d22f102edb11","234",\N,"508fdc78-1978-4b6e-8892-5f0bf4eade75","一般婦產科",\N,"2014-08-01 00:00:00","3942155e-4ada-493b-aea6-a8dd00a52b33",\N,\N,"29","N",\N
"cf9531c7-8f5c-4d1e-a918-2769a358e8ba","235","22","e8d48dd1-5c43-44eb-b11b-3cc34f7c4732","超級食物",\N,"2014-07-25 00:00:00","3942155e-4ada-493b-aea6-a8dd00a52b33",\N,\N,"70","N",""
"cfee19ae-e88e-47b9-9cbc-e6aa0c606d07","352",\N,"6be3e7bc-680b-4391-8dca-160296f031c6","氣功！身心好放鬆",\N,"2015-03-19 18:14:26","cd3962b3-bb8c-4ed2-a391-68c2090eb52a","2015-05-07 09:55:33","cd3962b3-bb8c-4ed2-a391-68c2090eb52a","20","N",""
"d09d1d41-c7c4-4f3d-a9e2-a3cbae75431c","236",\N,"508fdc78-1978-4b6e-8892-5f0bf4eade75","整形美容外科",\N,"2014-08-01 00:00:00","3942155e-4ada-493b-aea6-a8dd00a52b33",\N,\N,"19","N",\N
"d0e335e5-4142-416a-b27d-c7cca7fae2de","433",\N,"e4b21507-bf1e-403b-84f2-95920a93ad5a","整合傳播企劃",\N,"2016-07-14 11:38:49","6ce8cf52-5d93-4866-8d0b-00bc745d982b",\N,\N,"78","N",\N
"d10a1bd2-d0c1-49c9-86a9-af4a6ac1f757","404",\N,"uuid()","最新出版",\N,"2016-02-15 18:47:35","3942155e-4ada-493b-aea6-a8dd00a52b33",\N,\N,"1","N",""
"d1366bdb-19a4-4bde-8081-bc0bd425505a","398",\N,"e8d48dd1-5c43-44eb-b11b-3cc34f7c4732","燜燒罐料理",\N,"2015-12-09 19:40:16","cd3962b3-bb8c-4ed2-a391-68c2090eb52a","2015-12-09 19:40:22","cd3962b3-bb8c-4ed2-a391-68c2090eb52a","13","N",""
"d138111e-e258-47f4-bec9-a846ce3aefc3","237",\N,"e4b21507-bf1e-403b-84f2-95920a93ad5a","TED、大小創意網站",\N,"2014-07-25 00:00:00","3942155e-4ada-493b-aea6-a8dd00a52b33",\N,\N,"7","N",\N
"d1c4b0fa-166a-42cf-a2b5-4b9ff9758bdc","238","19","e8d48dd1-5c43-55eb-b11b-3cc34f7c4732","神經內科",\N,"2014-08-01 00:00:00","3942155e-4ada-493b-aea6-a8dd00a52b33",\N,\N,"19","N",""
"d1d34a57-9b91-4b6d-a1c8-2c62c0cb8b02","239","10","e8d48dd1-5c43-55eb-b11b-3cc34f7c4732","兒科",\N,"2014-08-01 00:00:00","3942155e-4ada-493b-aea6-a8dd00a52b33",\N,\N,"10","N",""
"d3793ecf-bf39-4b6a-8ae5-ff4c3f6734bc","240","6","362e7edb-066b-4200-8a10-97f55493272a","樂活心旅行",\N,"2014-07-25 00:00:00","3942155e-4ada-493b-aea6-a8dd00a52b33",\N,\N,"6","N",""
"d37f4665-5af0-4b3f-937d-5a2d92eba0c9","353",\N,"e8d48dd1-5c43-44eb-b11b-3cc34f7c4732","冰涼甜品好消暑",\N,"2015-03-23 12:09:44","16ba1363-e4e0-4087-a1e1-0a89792f4e68","2015-03-23 12:09:56","16ba1363-e4e0-4087-a1e1-0a89792f4e68","32","N",""
"d3bcf3d1-14cf-413e-9a7f-02c612ea0a6d","241",\N,"e4b21507-bf1e-403b-84f2-95920a93ad5a","時報出版",\N,"2014-07-25 00:00:00","3942155e-4ada-493b-aea6-a8dd00a52b33",\N,\N,"45","N",\N
"d4517c57-19ad-4054-9c02-9b6b8eae907c","242",\N,"e4b21507-bf1e-403b-84f2-95920a93ad5a","究竟出版",\N,"2014-07-25 00:00:00","3942155e-4ada-493b-aea6-a8dd00a52b33",\N,\N,"50","N",\N
"d471ef0e-36f2-4d6f-ba89-26da694ab042","243",\N,"508fdc78-1978-4b6e-8892-5f0bf4eade75","家醫科",\N,"2014-08-01 00:00:00","3942155e-4ada-493b-aea6-a8dd00a52b33",\N,\N,"4","N",\N
"d62ccf07-55f9-4b8e-8f92-2458184c4987","244",\N,"e4b21507-bf1e-403b-84f2-95920a93ad5a","大家出版",\N,"2014-07-25 00:00:00","3942155e-4ada-493b-aea6-a8dd00a52b33",\N,\N,"24","N",\N
"d7da000b-282b-4890-bad2-5feac0d2b97e","379",\N,"e8d48dd1-5c43-44eb-b11b-3cc34f7c4732","忘不了的家鄉味",\N,"2015-07-16 16:37:05","16ba1363-e4e0-4087-a1e1-0a89792f4e68","2015-07-16 16:37:15","16ba1363-e4e0-4087-a1e1-0a89792f4e68","20","N",""
"d7efe555-8211-415d-8436-b7942b14d3ab","378",\N,"6be3e7bc-680b-4391-8dca-160296f031c6","野餐輕食DIY",\N,"2015-07-08 11:39:37","16ba1363-e4e0-4087-a1e1-0a89792f4e68","2015-07-08 11:40:14","16ba1363-e4e0-4087-a1e1-0a89792f4e68","13","N",""
"da54e323-9755-4f8b-b484-dbceca7003de","297",\N,"9e46cd51-127a-4969-b312-e872edb5776e","熟齡影音",\N,"2014-09-14 10:34:45","3942155e-4ada-493b-aea6-a8dd00a52b33","2014-09-14 10:35:17","3942155e-4ada-493b-aea6-a8dd00a52b33","4","Y",""
"da7baa07-2e16-42f4-b704-2bcd746315ea","245",\N,"508fdc78-1978-4b6e-8892-5f0bf4eade75","耳鼻喉科",\N,"2014-08-01 00:00:00","3942155e-4ada-493b-aea6-a8dd00a52b33",\N,\N,"5","N",\N
"daa49dac-7b20-48a4-b48b-ee984f5c47ff","246",\N,"e4b21507-bf1e-403b-84f2-95920a93ad5a","欣傳媒",\N,"2014-07-25 00:00:00","3942155e-4ada-493b-aea6-a8dd00a52b33",\N,\N,"48","N",\N
 "db601de3-f75e-4ab2-9423-74b097e1130a","247","7","6be3e7bc-680b-4391-8dca-160296f031c6","美型芭蕾",\N,"2014-07-25 00:00:00","3942155e-4ada-493b-aea6-a8dd00a52b33",\N,\N,"47","N",""
"db677979-686e-43a7-893b-59507f2f8dc9","248",\N,"508fdc78-1978-4b6e-8892-5f0bf4eade75","肝膽胃腸科",\N,"2014-08-01 00:00:00","3942155e-4ada-493b-aea6-a8dd00a52b33",\N,\N,"6","N",\N
"dcddb25b-3b4c-48f7-af8c-6a73eaf15b76","249","12","e8d48dd1-5c43-55eb-b11b-3cc34f7c4732","骨科復健",\N,"2014-08-01 00:00:00","3942155e-4ada-493b-aea6-a8dd00a52b33",\N,\N,"12","N",""
"dd4159ac-5efe-42b9-910c-a54228ecda7b","317",\N,"e8d48dd1-5c43-44eb-b11b-3cc34f7c4732","低碳飲食正流行！",\N,"2014-12-15 16:45:18","cd3962b3-bb8c-4ed2-a391-68c2090eb52a","2015-03-18 11:10:28","cd3962b3-bb8c-4ed2-a391-68c2090eb52a","34","N",""
"dd92a7a7-f661-4877-9275-0979145e5abd","250","50","e8d48dd1-5c43-44eb-b11b-3cc34f7c4732","泰明軒",\N,"2014-07-25 00:00:00","3942155e-4ada-493b-aea6-a8dd00a52b33",\N,\N,"93","N",""
"de7fc7fd-7b61-4a99-b5eb-00017d8f65e2","251","41","e8d48dd1-5c43-44eb-b11b-3cc34f7c4732","珍惜食材",\N,"2014-07-25 00:00:00","3942155e-4ada-493b-aea6-a8dd00a52b33",\N,\N,"86","N",""
"ded2940e-990d-451a-827c-88532048d200","358",\N,"6be3e7bc-680b-4391-8dca-160296f031c6","譚敦慈康健上菜",\N,"2015-04-02 15:41:19","16ba1363-e4e0-4087-a1e1-0a89792f4e68","2016-05-04 14:12:04","f7ffeb79-772d-4f77-badf-17878cc8c4fd","4","N",""
"e01926ff-d149-4bc1-9f50-b3c0ae5c7ca3","252","236","faa41bab-d67c-46f7-b3df-b2627062dba8","養生書選",\N,"2014-07-25 00:00:00","3942155e-4ada-493b-aea6-a8dd00a52b33",\N,\N,"6","Y",\N
"e05c7288-6339-452e-ab74-0181e7d7a567","253","3","6be3e7bc-680b-4391-8dca-160296f031c6","身體百科",\N,"2014-07-25 00:00:00","3942155e-4ada-493b-aea6-a8dd00a52b33",\N,\N,"43","N",""
"e07056fb-076d-44d6-ba6a-4bdb95711137","254","4","c6f8aebd-a22e-4eaa-a313-95fdcbd9ed22","腸胃",\N,"2014-07-25 00:00:00","3942155e-4ada-493b-aea6-a8dd00a52b33",\N,\N,"4","N",""
"e1be07cc-c314-45d7-94ca-6a4bede4d6ed","303",\N,"e8d48dd1-5c43-44eb-b11b-3cc34f7c4732","盛夏來吃越南菜",\N,"2014-10-13 14:55:41","cd3962b3-bb8c-4ed2-a391-68c2090eb52a","2014-10-13 14:55:56","cd3962b3-bb8c-4ed2-a391-68c2090eb52a","42","N",\N
"e24d9c7f-3601-4b54-83c7-a22e8e6acc78","255",\N,"508fdc78-1978-4b6e-8892-5f0bf4eade75","新陳代謝(內分泌)科",\N,"2014-08-01 00:00:00","3942155e-4ada-493b-aea6-a8dd00a52b33",\N,\N,"7","N",\N
"e2a29b0b-b1a7-4cdc-9a46-41371b83ea86","256","3","e8d48dd1-5c43-55eb-b11b-3cc34f7c4732","心臟內科",\N,"2014-08-01 00:00:00","3942155e-4ada-493b-aea6-a8dd00a52b33",\N,\N,"3","N",""
"e2bf677d-0d7c-483b-ab6a-b6229a549c05","388",\N,"6be3e7bc-680b-4391-8dca-160296f031c6","義大利蔬食餐桌",\N,"2015-08-28 10:06:38","16ba1363-e4e0-4087-a1e1-0a89792f4e68","2015-12-05 01:46:10","cd3962b3-bb8c-4ed2-a391-68c2090eb52a","11","N",""
"e3fade1a-1120-4b72-bc32-5257afbfad59","257","26","e8d48dd1-5c43-44eb-b11b-3cc34f7c4732","Omega",\N,"2014-07-25 00:00:00","3942155e-4ada-493b-aea6-a8dd00a52b33",\N,\N,"73","N",""
"e4980fc7-d7d6-4538-9651-295d630cd872","339",\N,"6be3e7bc-680b-4391-8dca-160296f031c6","有氧運動護血管！",\N,"2015-02-06 01:33:01","cd3962b3-bb8c-4ed2-a391-68c2090eb52a","2015-03-24 19:30:21","cd3962b3-bb8c-4ed2-a391-68c2090eb52a","32","N",""
"e50009b8-b2b1-4757-a5af-4eaffc96b870","323",\N,"d6921fa8-3e7c-4017-9712-cb39ae4bb241","熱搜關鍵字",\N,"2014-12-25 20:37:14","3942155e-4ada-493b-aea6-a8dd00a52b33","2014-12-25 20:38:16","3942155e-4ada-493b-aea6-a8dd00a52b33","2","Y",""
"e54f4642-87a4-4b15-9a76-d573f52a4519","258",\N,"508fdc78-1978-4b6e-8892-5f0bf4eade75","腫瘤科",\N,"2014-08-01 00:00:00","3942155e-4ada-493b-aea6-a8dd00a52b33",\N,\N,"25","N",\N
"e586ea78-8488-4f9a-ae96-267f5b5ae815","396",\N,"cfc7aea1-681e-4e04-b25e-621b569ee1d9","譚敦慈專欄",\N,"2015-12-03 16:41:58","3942155e-4ada-493b-aea6-a8dd00a52b33",\N,\N,"1","N",""
"e5d410e7-db37-4d5b-a638-8ff84918d172","259","42","e8d48dd1-5c43-44eb-b11b-3cc34f7c4732","創意薑",\N,"2014-07-25 00:00:00","3942155e-4ada-493b-aea6-a8dd00a52b33",\N,\N,"87","N",""
"e5fcd75b-7beb-45ff-900c-e7ff64f85889","260",\N,"e4b21507-bf1e-403b-84f2-95920a93ad5a","Design For Change - Taiwan",\N,"2014-07-25 00:00:00","3942155e-4ada-493b-aea6-a8dd00a52b33",\N,\N,"4","N",\N
"e6c6e042-1d03-4f6a-aeb0-a7dc1d2f42f9","326",\N,"d6921fa8-3e7c-4017-9712-cb39ae4bb241","體檢紅字剋星",\N,"2014-12-25 20:37:27","3942155e-4ada-493b-aea6-a8dd00a52b33",\N,\N,"5","Y",""
"e7f18d6d-ad53-4444-9772-4b8f6648484e","261","18","e8d48dd1-5c43-44eb-b11b-3cc34f7c4732","無油煙的地中海美食",\N,"2014-07-25 00:00:00","3942155e-4ada-493b-aea6-a8dd00a52b33",\N,\N,"66","N",""
"e7fee688-6170-48e8-bd97-701ddeebacb2","299",\N,"e8d48dd1-5c43-44eb-b11b-3cc34f7c4732","吃對好澱粉",\N,"2014-09-15 15:13:37","cd3962b3-bb8c-4ed2-a391-68c2090eb52a","2014-09-15 15:36:59","cd3962b3-bb8c-4ed2-a391-68c2090eb52a","44","N",""
"ea627f04-77e4-4589-83cd-661e41e6af9e","262","37","e8d48dd1-5c43-44eb-b11b-3cc34f7c4732","抗失眠",\N,"2014-07-25 00:00:00","3942155e-4ada-493b-aea6-a8dd00a52b33",\N,\N,"82","N",""
"eace1ae2-ea71-452a-85ce-cfdec7cde758","263",\N,"e4b21507-bf1e-403b-84f2-95920a93ad5a","影音",\N,"2014-07-25 00:00:00","3942155e-4ada-493b-aea6-a8dd00a52b33",\N,\N,"38","N",\N
"ead573bd-6c3e-4bed-bf3d-8900277a5f2b","264","9","e8d48dd1-5c43-44eb-b11b-3cc34f7c4732","吃堅果顧心臟",\N,"2014-07-25 00:00:00","3942155e-4ada-493b-aea6-a8dd00a52b33",\N,\N,"57","N",""
"ead9b3ca-d165-4f88-b9d4-1d66ccc2a4ec","265",\N,"508fdc78-1978-4b6e-8892-5f0bf4eade75","婦女泌尿科",\N,"2014-08-01 00:00:00","3942155e-4ada-493b-aea6-a8dd00a52b33",\N,\N,"33","N",\N
"eaf5988f-5d2f-4708-a9de-f3fa1c2abbb7","266","6","e8d48dd1-5c43-44eb-b11b-3cc34f7c4732","創意青蔥",\N,"2014-07-25 00:00:00","3942155e-4ada-493b-aea6-a8dd00a52b33",\N,\N,"54","N",""
"ebe7bbc2-bcad-467c-aff5-a09b7f425b30","332",\N,"6be3e7bc-680b-4391-8dca-160296f031c6","來做「深蹲」吧！",\N,"2015-01-12 13:00:23","cd3962b3-bb8c-4ed2-a391-68c2090eb52a","2015-01-12 13:02:13","cd3962b3-bb8c-4ed2-a391-68c2090eb52a","36","N",""
"ec93e2da-7198-49a0-b0b1-7c0cad4b30f6","267","36","e8d48dd1-5c43-44eb-b11b-3cc34f7c4732","做早餐只要5分鐘",\N,"2014-07-25 00:00:00","3942155e-4ada-493b-aea6-a8dd00a52b33","2014-08-02 14:27:35","3942155e-4ada-493b-aea6-a8dd00a52b33","46","N",""
"ecf6ab6d-4c5e-4814-9229-9ac4574b61b8","268",\N,"508fdc78-1978-4b6e-8892-5f0bf4eade75","口腔顎面外科",\N,"2014-08-01 00:00:00","3942155e-4ada-493b-aea6-a8dd00a52b33",\N,\N,"27","N",\N
"ede36f25-b6ef-4891-a4a6-c98bf4fa8fb2","269","8","e8d48dd1-5c43-55eb-b11b-3cc34f7c4732","皮膚科",\N,"2014-08-01 00:00:00","3942155e-4ada-493b-aea6-a8dd00a52b33",\N,\N,"8","N",""
"ee0011eb-571a-453c-a3dd-9ac814864430","270","1","963ec6e3-187b-4511-ba6e-765bf362945a","兩性",\N,"2014-08-01 00:00:00","3942155e-4ada-493b-aea6-a8dd00a52b33",\N,\N,"1","N",""
"f0e417dc-6fa6-41dc-8299-51a3e71b4377","341",\N,"6be3e7bc-680b-4391-8dca-160296f031c6","鞏固你的核心肌群",\N,"2015-02-06 01:37:41","cd3962b3-bb8c-4ed2-a391-68c2090eb52a","2015-04-21 12:57:03","cd3962b3-bb8c-4ed2-a391-68c2090eb52a","22","N",""
"f119ed47-172e-4d08-91ff-7110d635f9e5","271",\N,"e4b21507-bf1e-403b-84f2-95920a93ad5a","微笑台灣花蓮款款行",\N,"2014-07-25 00:00:00","3942155e-4ada-493b-aea6-a8dd00a52b33",\N,\N,"40","N",\N
"f15cfeb8-2ee7-4629-9018-1f90458e0f25","308","3","8b7dec72-3f11-11e4-86d1-645a04590588","20000~30000",\N,"2014-10-29 16:41:06","3942155e-4ada-493b-aea6-a8dd00a52b33",\N,\N,"3","N",\N
"f1aad26e-f4d2-44c3-a3ff-cbf63b09fc11","272",\N,"e4b21507-bf1e-403b-84f2-95920a93ad5a","圓神出版",\N,"2014-07-25 00:00:00","3942155e-4ada-493b-aea6-a8dd00a52b33",\N,\N,"22","N",\N
"f2055ae1-9345-4761-8532-740c1dc301ee","365",\N,"e8d48dd1-5c43-44eb-b11b-3cc34f7c4732","紅藜?藜麥",\N,"2015-05-11 11:35:47","16ba1363-e4e0-4087-a1e1-0a89792f4e68","2015-05-11 11:36:00","16ba1363-e4e0-4087-a1e1-0a89792f4e68","27","N",""
"f2c3f12d-c6bf-4007-87c1-077534023260","273","83","faa41bab-d67c-46f7-b3df-b2627062dba8","老祖母祕方",\N,"2014-07-25 00:00:00","3942155e-4ada-493b-aea6-a8dd00a52b33",\N,\N,"5","N",\N
"f3dc1551-a271-4be8-a188-cf8325c00298","274","16","e8d48dd1-5c43-44eb-b11b-3cc34f7c4732","今夜的火鍋不一樣",\N,"2014-07-25 00:00:00","3942155e-4ada-493b-aea6-a8dd00a52b33",\N,\N,"64","N",""
 "f3f2ac69-2a43-4549-9aa0-e57eef85b5bb","275",\N,"e4b21507-bf1e-403b-84f2-95920a93ad5a","獨立評論@天下",\N,"2014-07-25 00:00:00","3942155e-4ada-493b-aea6-a8dd00a52b33",\N,\N,"49","N",\N
"f42d33e0-132b-49a6-8907-7758fc5102d3","276",\N,"508fdc78-1978-4b6e-8892-5f0bf4eade75","小兒內科",\N,"2014-08-01 00:00:00","3942155e-4ada-493b-aea6-a8dd00a52b33",\N,\N,"42","N",\N
"f4b19983-ebe6-4dff-aa48-783a551fc330","277","8","6be3e7bc-680b-4391-8dca-160296f031c6","放鬆居家",\N,"2014-07-25 00:00:00","3942155e-4ada-493b-aea6-a8dd00a52b33",\N,\N,"48","N",""
"f53e3542-e884-4718-a530-580773816e58","278","28","e8d48dd1-5c43-44eb-b11b-3cc34f7c4732","詹姆士",\N,"2014-07-25 00:00:00","3942155e-4ada-493b-aea6-a8dd00a52b33",\N,\N,"75","N",""
"f56920d6-5f71-4b7b-ab23-7d9e868ed79f","279",\N,"e4b21507-bf1e-403b-84f2-95920a93ad5a","天下雜誌",\N,"2014-07-25 00:00:00","3942155e-4ada-493b-aea6-a8dd00a52b33",\N,\N,"28","N",\N
"f5a8cc7e-958c-446f-bd01-697bfa9a7d61","280","5","9363fec9-eaaf-4d45-9631-a0681454a3b5","異國料理",\N,"2014-07-25 00:00:00","3942155e-4ada-493b-aea6-a8dd00a52b33",\N,\N,"5","N",""
"f5aceeea-5c86-471c-8567-d591b2a32dfd","325",\N,"d6921fa8-3e7c-4017-9712-cb39ae4bb241","★最夯減重法",\N,"2014-12-25 20:37:23","3942155e-4ada-493b-aea6-a8dd00a52b33","2014-12-25 20:47:41","3942155e-4ada-493b-aea6-a8dd00a52b33","4","Y",""
"f7a049cf-bc1e-4a39-89f7-305a2ea3e4ec","385",\N,"e4b21507-bf1e-403b-84f2-95920a93ad5a","單車時代",\N,"2015-08-13 16:44:20","86d5223b-cadf-4543-88a2-670dda7c0324",\N,\N,"67","N",\N
"f80a6617-28b9-41c9-b017-58ba98f6ed62","281","75","877839b7-358d-47d8-b705-763c8c978f30","兩性關係",\N,"2014-07-25 00:00:00","3942155e-4ada-493b-aea6-a8dd00a52b33",\N,\N,"3","N",\N
"f98c7ab0-dbe3-4363-91c3-fe271f291cfc","282",\N,"e4b21507-bf1e-403b-84f2-95920a93ad5a","TED、水龍頭DesignSourceTaiwan",\N,"2014-07-25 00:00:00","3942155e-4ada-493b-aea6-a8dd00a52b33",\N,\N,"8","N",\N
"fa948833-9b45-43f3-9126-2793f665e1c0","283",\N,"508fdc78-1978-4b6e-8892-5f0bf4eade75","齒顎矯正科",\N,"2014-08-01 00:00:00","3942155e-4ada-493b-aea6-a8dd00a52b33",\N,\N,"28","N",\N
"fabb50a4-f6f5-45d6-8b7f-9f689dd3583f","393",\N,"faa41bab-d67c-46f7-b3df-b2627062dba8","2015樂活節",\N,"2015-10-30 17:00:54","3942155e-4ada-493b-aea6-a8dd00a52b33",\N,\N,"7","Y","http://topic.commonhealth.com.tw/2015lohas/"
"fbafb6df-9017-4351-aa68-3609a31c1c9b","425",\N,"e8d48dd1-5c43-44eb-b11b-3cc34f7c4732","吃對涼補",\N,"2016-06-13 17:37:55","1d7a7a92-9358-47e7-80bd-a2427ffd10cc","2016-06-13 17:38:05","1d7a7a92-9358-47e7-80bd-a2427ffd10cc","7","N",""
"fc257651-f74f-42a4-a848-24a7f8d8084c","284","12","e8d48dd1-5c43-44eb-b11b-3cc34f7c4732","省時節能料理",\N,"2014-07-25 00:00:00","3942155e-4ada-493b-aea6-a8dd00a52b33",\N,\N,"60","N",""
"fda615b0-17fb-4dc7-b598-4b9aa3513b06","285","25","e8d48dd1-5c43-44eb-b11b-3cc34f7c4732","酒",\N,"2014-07-25 00:00:00","3942155e-4ada-493b-aea6-a8dd00a52b33",\N,\N,"72","N",""
"fdcfc0a8-a3da-49eb-a47b-f259d02f9cbb","359",\N,"6be3e7bc-680b-4391-8dca-160296f031c6","抗老、抒壓太極拳",\N,"2015-04-20 10:08:52","16ba1363-e4e0-4087-a1e1-0a89792f4e68","2015-04-20 10:08:59","16ba1363-e4e0-4087-a1e1-0a89792f4e68","23","N",""
"fde9cfbd-0b8f-4e3f-ae4d-2c24259ce356","427",\N,"e4b21507-bf1e-403b-84f2-95920a93ad5a","皇冠出版",\N,"2016-06-20 09:36:52","f7ffeb79-772d-4f77-badf-17878cc8c4fd",\N,\N,"76","N",\N
"fe3f82ef-81be-478b-b76d-ffd3dc02ae28","286","21","e8d48dd1-5c43-44eb-b11b-3cc34f7c4732","苦瓜",\N,"2014-07-25 00:00:00","3942155e-4ada-493b-aea6-a8dd00a52b33",\N,\N,"69","N",""
"fea8225a-1383-465f-b725-71742a5b06bc","287","40","e8d48dd1-5c43-44eb-b11b-3cc34f7c4732","低碳餐",\N,"2014-07-25 00:00:00","3942155e-4ada-493b-aea6-a8dd00a52b33",\N,\N,"85","N",""
 